title,place,startAt,endAt,price,ageLimit,main_img_url,detail_info,notice_img_url,notice_txt,detail_info_img_url
"합스부르크 600년, 매혹의 걸작들",국립중앙박물관 기획전시실,2022.11.14,2023.03.01,"17,500원",전체관람가,http://ticketimage.interpark.com/Play/image/large/22/22015433_p.gif,"예매가능시간: 전일 23시 59분까지 월,화,목,금,일 10:00~18:00 (발권 및 입장 마감 17:20)  수,토 10:00~21:00 (발권 및 입장 마감 20:20)  *휴관일 1.1(신정), 1.22(설날 당일)   *22.11.7.(월) 일자는 국립중앙박물관 상설관 정기 휴관일로 통합권 사용이 불가합니다. 이용에 참고 부탁드립니다.(기획전시실 '합스부르크 600년, 매혹의 걸작들' 전시는 정상 운영합니다.) - ‘외규장각 의궤, 그 고귀함의 의미’ 전시 무료 관람 기간(2023.2.1.~2.10.)에는 온라인 및 현장에서 통합권 구매 및 사용이 불가하오니 이용에 참고 부탁드립니다.","http://ticketimage.interpark.com/220154332022/12/28/9285dee5.jpg, http://ticketimage.interpark.com/220154332022/11/09/13565dd1.jpg","［티켓 구매 관련］ -합스부르크전시는 전시 현장에서도 티켓 판매하고 있습니다. 온라인 티켓 판매 수량 매진 시 현장에서도 티켓 구매 가능합니다.*매표소에서 매일 09:50부터 판매 예정, 매표소 오픈 시간은 현장 상황에 따라 달라질 수 있습니다.**현장 판매 티켓은 당일 입장 가능한 티켓에 한하여 판매되며 한정 수량으로 판매 마감 시간보다 이르게 매진될 수 있습니다.***현장 판매 티켓은 온라인 판매 티켓과 마찬가지로 구매하신 회차 시간에 맞춰 입장 가능합니다.(ex. 12:00회차 티켓 구매 시 12:00~12:30에 입장 가능, 12:00 이전 입장 불가) ［전시 이용 관련］ - 일별 관람일자 및 관람 회차 시간을 지정 후 예매 가능합니다.(30분 단위로 회차 구분)*예매한 회차 시간보다 이른 입장 및 늦은 입장이 불가합니다.(ex.11:00 회차 예매자는 11:00~11:30 사이에 입장 가능, 11시 이전, 11:30 이후 입장 불가하므로 예약하신 시간에 맞춰 방문 바랍니다.)- 회차당 한정 수량 판매로 조기 매진될 수 있으니 이용에 참고 부탁드립니다.- 단체 예매도 회차 지정 및 회차당 정해진 수량 내에서만 예매 진행 가능합니다. 이용에 참고 부탁 드립니다. ［전시장 내 해설 및 체험학습 진행 관련］- 전시장 내부 혼잡도를 고려하여 사설해설은 불가합니다. 합스부르크전시 오디오가이드를 통해 전시 해설을 들으실 수 있습니다.*전시 현장에서 오디오가이드 기기 대여 3,000원(현장문의)/ 가이드온 스마트폰 어플 유료 다운로드 3,000원※ 전시장 혼잡하여 자원봉사 해설 및 큐레이터와의 대화 전시 해설을 일시 중단합니다. 재개여부는 추후 국립중앙박물관 누리집에 공지될 예정입니다. 관람객 여러분의 양해 부탁드립니다. - 전시장 내부에서 필기구를 사용하는 학습지 진행이 어려우므로 이용에 참고 부탁드립니다.",http://ticketimage.interpark.com/Play/image/etc/22/22015433-02.jpg
［전시 연장］장 줄리앙,DDP 뮤지엄 지하2층 전시1관,2022.10.01,2023.01.24,"20,000원",전체관람가,http://ticketimage.interpark.com/Play/image/large/22/22012659_p.gif,［관람시간］ - 월~일 10:00~20:00 - 매표 및 입장 관람 종료 1시간 전(19:00) 마감 *휴관일은 없습니다.,,"※공지
관람객이 많을 경우 대기번호표를 시행 합니다.
 대기번호 운영 시 예매하신 경우에도 대기번호를 받으셔야 합니다.

* 수요아트살롱 구매자의 취소는 취소마감시간 이내 고객센터로 문의바랍니다(고객센터 운영시간 09:00~18:00)","http://ticketimage.interpark.com/Play/image/etc/22/22012659-02.jpg, http://ticketimage.interpark.com/Play/image/etc/22/22012659-03.jpg"
［얼리버드］다비드 자맹: 프로방스에서 온 댄디보이,더현대서울,2023.02.04,2023.03.31,"10,000원",전체관람가,http://ticketimage.interpark.com/Play/image/large/23/23000216_p.gif,관람시간: 월화수목 10:30~20:00 (입장마감 19:00)                    금토일 10:30~20:30 (입장마감 19:30),,얼리버드 티켓 구매기간: 1월 11일~2월 3일 23:59 (*상황에따라 조기 매진될 수 있습니다.관람시간: 월화수목 10:30~20:00 (입장마감 19:00)                    금토일 10:30~20:30 (입장마감 19:30),"http://ticketimage.interpark.com/Play/image/etc/23/23000216-04.jpg, http://ticketimage.interpark.com/Play/image/etc/23/23000216-05.jpg, http://ticketimage.interpark.com/Play/image/etc/23/23000216-06.jpg"
Ohnim(송민호) Solo Exhibition,StART PLUS,2022.12.16,2023.02.05,"15,000원",전체관람가,http://ticketimage.interpark.com/Play/image/large/22/22015987_p.gif,예매가능시간: 관람 30분 전까지 10:00 ~ 21:00  1회  10:00 ~ 11:00 2회  11:00 ~ 12:00 3회  12:00 ~ 13:00 4회  13:00 ~ 14:00 5회  14:00 ~ 15:00 6회  15:00 ~ 16:00 7회  16:00 ~ 17:00 8회  17:00 ~ 18:00 9회  18:00 ~ 19:00 10회 19:00 ~ 20:00 11회 20:00 ~ 21:00,,"많은 관객들의 성원에 힘입어 《Thanking You》 - Ohnim Solo Exhibition 전시가 내년 2월 5일(일)까지 관람 기간을 연장합니다. * 1월 23, 24일은 휴관입니다. 감사합니다.- 회차당 한정 수량 판매로 조기 매진될 수 있으니 이용에 참고 부탁드립니다.- 현장에서는 회차가 남아있는 당일 티켓만 구매하실 수 있습니다.- 예매하신 회차 시작 시각 이후 늦게 도착하시는 분들은 입장에 제한을 받으실 수 있으며, 원활한 입장을 위해 진행요원의 안내에 따라서만 입장할 수 있습니다. - 전시 현장 상황에 따라 입장 대기 시간이 발생할 수 있는 점 양해부탁드립니다.- 전시 시작 30분 이후에는 입장 및 전시 관람이 불가능하며 입장권 취소/환불 또한 불가합니다. 1일 11회, 회차당 60분 관람 (Md샵 이용 별도)",http://ticketimage.interpark.com/Play/image/etc/22/22015987-02.jpg
［서울/용산］에바 알머슨 특별전：Andando,용산전쟁기념관 기획전시실,2022.05.13,2023.03.12,"20,000원",전체관람가,http://ticketimage.interpark.com/Play/image/large/22/22005831_p.gif,"운영시간: 화요일~일요일 오전 10:00 ~ 18:00  *매주 월요일 휴관, 월요일이 공휴일인 경우 그 다음날 휴관 입장마감: 17:00",,"［티켓이용안내］
1. 티켓구매 후 10분 이내 모바일티켓(알림톡) 수신
2. 유효기간 내 업체방문
3. 현장에서 모바일티켓 및 구매자정보 확인 후 입장

［모바일티켓 문의］
㈜스마틱스
TEL: 02-6933-6480
운영시간: 매일 09:00-18:00 (점심 12:00-13:00)

［행사안내］
에바 알머슨 특별전
주소: 서울특별시 용산구 이태원로 29, 전쟁기념관 기획전시실
TEL: 02-6952-8071
운영시간: (화~일)오전 10:00 ~ 18:00 *매주 월요일 휴관, 월요일이 공휴일인 경우 그 다음날 휴관
입장마감: 17:00
무료입장: 36개월 미만
주차: 3시간 4,000원 (기본 2시간 4,000원 + 전시 관람 시 1시간 추가 적용)

※ 무료 및 할인혜택은 본인에 한해 적용됨
※ 신분증, 증빙서류 미지참시 혜택적용 불가
※ 중복할인 불가

［요금기준］
성인 : 20세이상
청소년 : 14~19세
어린이 4세~13세

［유의사항］
- 전 관람객 마스크 착용 의무화 (마스크 미착용 시 입장이 제한될 수 있습니다.)
- 각 티켓의 사용기간 내 관람 가능합니다.","http://ticketimage.interpark.com/Play/image/etc/22/22005831-01.jpg, http://ticketimage.interpark.com/Play/image/etc/22/22005831-02.jpg, http://ticketimage.interpark.com/Play/image/etc/22/22005831-03.jpg"
"［북촌］2023년 1,2월-어둠속의대화(DIALOGUE IN THE DARK)",북촌 어둠속의대화,2010.01.20,오픈런,"33,000원",8세이상 관람가능,http://ticketimage.interpark.com/Play/image/large/22/22012710_p.gif,예매가능시간: 관람 5분 전까지 * 오픈일　ㆍ수-일요일: 10:00-19:00 (입장시간 기준)* 휴관일ㆍ월·화요일 ㆍ공휴일　　- 1월 1일(일) 신정　　- 1월 22일(일)-1월 24일(화) 설연휴* 소요시간: 100분(1시간 40분)* 관람인원: 1회차 1명-8명* 대표번호: 1877-6145,,"* 중도입장불가　예매한 시간 15분 전까지 도착해주시기 바랍니다. * 사전 예매 및 문의 대상　ㆍ단체 20인 이상　ㆍ스페셜 이벤트, 워크샵 투어　ㆍ장애인, 임산부, 노약자, 외국인* 관람연령안내　입장 가능 연령은 8세이상 70세이하입니다.　만14세 미만 청소년은 법정 대리인 동의서가 필수입니다.　(페이지 하단부 개인정보 처리 방침 동의서를 확인 바랍니다.)",http://ticketimage.interpark.com/Play/image/etc/22/22012710-01.jpg
"외규장각 의궤, 그 고귀함의 의미",국립중앙박물관 특별전시실,2022.11.01,2023.03.19,"5,000원",전체관람가,http://ticketimage.interpark.com/Play/image/large/22/22014814_p.gif,"월,화,목,금,일 10:00~18:00 (발권 마감 17:20/입장 마감 17:30) 수,토 10:00~21:00 (발권 마감 20:20/입장 마감 20:30) * 휴관일 11.7.(국립중앙박물관 상설관 정기 휴실), 1.1.(신정), 1.22.(설날 당일)* 외규장각 의궤의 존재를 세상에 알리고 연구에 헌신하다 2011년 11월 23일 타계하신 고故 박병선 박사를 기리며 추모기간 동안 무료로 전시장을 개방합니다. (추모기간: 2022. 11. 21.(월) ~ 11. 27.(일) / 1주일)* 전시품 교체(1월 3주)를 기념하여  2023. 2.1.(수)~2.10.(금) / 10일간 무료입장 행사를 진행합니다.",,"* 관람객 밀집으로 인한 안전사고 예방을 위해 아래 기간에는 전시해설을 운영하지 않습니다.    - 설 명절 연휴: 2023. 1. 21.(토) ~ 1.24.(화)    - 무료입장 기간: 2023. 2.1.(수)~2.10.(금) / 10일간[전시 이용 관련］ - ‘외규장각 의궤, 그 고귀함의 의미’ 전시 무료 관람 기간(2022.11.21.~11.27.)에는 온라인 및 현장에서 통합권 구매 및 사용이 불가하오니 이용에 참고 부탁드립니다.- 〈외규장각 의궤, 그 고귀함의 의미〉 전시는 온라인 및 현장판매 일일 판매 수량 제한하여 조기 매진될 수 있으니 이용에 참고 부탁드립니다. - 원하시는 관람일을 지정하여 예매해주시기 바라며, 원활한 전시 관람을 위해 예매하신 관람일을 준수하여 방문해주시기 바랍니다. 관람일자가 지난 티켓은 사용 불가합니다.- 관람료 할인 대상자의 경우 예매 전 할인내역 확인 후 해당 권종을 정확히 선택하여 예매해주시기 바랍니다. 현장에서는 해당 증빙서류 확인 후 발권이 가능하며, 증빙서류 미지참 시 현장에서 차액을 지불하셔야 하니 유의해주시기 바랍니다. - 온라인 예매의 취소와 환불은 관람 지정일 기준 전일까지 가능하며 관람 지정일 당일의 취소 및 환불은 티켓 예매처에 문의 바랍니다.- 예매 후 취소 일자에 따라 취소수수료가 부과될 수 있습니다. 예매 전 관람일 및 관람인원, 할인내역 등을 정확히 확인해주시기 바랍니다.- ‘외규장각 의궤, 그 고귀함의 의미’ 전시 무료 관람 기간(2023.2.1.~2.10.)에는 온라인 및 현장에서 통합권 구매 및 사용이 불가하오니 이용에 참고 부탁드립니다.[전시장 내 체험학습 및 해설 진행 관련]- 전시장 내부 혼잡도를 고려하여 정해진 자원봉사자 전시 설명과 큐레이터와의 대화를 제외한 사설해설은 불가합니다. 자원봉사 해설 이외에 오디오가이드와 큐레이터와의 대화를 통해 전시 해설을 들으실 수 있습니다.*국립박물관전시안내 어플리케이션 무료로 설치 후 오디오 가이드 이용*자원봉사 해설 진행은 추후 안내 예정-전시장 내부에서 필기구를 사용하는 학습지 진행이 어려우므로 이용에 참고 부탁드립니다.[단체 예매 관련]국립중앙박물관 특별전 〈외규장각 의궤, 그 고귀함의 의미〉는 단체 예매 및 관람 가능합니다.(20인 이상 단체 가능, 20인 이상 예매 시 인원에 상관 없이 인솔자 1인만 무료(무료 대상자 예약 필수))*온라인 단체 예매 시-동일권종 20인 이상 단체 예매 권종 선택(ex.성인 3/어린이 17 인 경우 온라인 단체 예약 불가)-인솔자 1인 무료(단체 인원수에 상관없이 인솔자는 1인만 무료)문의: 1688-0361[ '외규장각 의궤, 그 고귀함의 의미' 자원봉사 전시 해설 안내] *특별전시실 입구에서 정시에 시작 *별도 예약 없이 의궤전 입장권 구매 후 참여하실 수 있습니다. -요일별 오전 해설 시작 시간 및 해설 횟수가 다릅니다.-2023년 1월부터는 횟수와 시간이 재조정 됩니다.*해설 진행 시간( 23.1.2.(월)~23.3.19(일) )-월, 화요일 오전 11:00~12:00/ 오후 14:00~15:00 -수요일 오전 11:00~12:00/ 오후 14:00~15:00, 16:00~17:00 -목요일 오전 11:00~12:00/ 오후 14:00~15:00 -금,토,일요일 오전 11:00~12:00/ 오후 14:00~15:00, 16:00~17:00※ 자원봉사 전시 해설 안내를 진행하는 시간대에는 전시실 내부가 혼잡할 수 있습니다.  ",http://ticketimage.interpark.com/Play/image/etc/22/22014814-01.jpg
앙드레 브라질리에 특별전,예술의전당 한가람디자인미술관,2022.12.20,2023.04.09,"20,000원",전체관람가,http://ticketimage.interpark.com/Play/image/large/22/22017519_p.gif,관람시간: 오전10시~오후7시 (입장마감 오후 6시) 매주 월요일 휴관,,"<도슨트 일정>1월17일 (화) 정우철 도슨트18일 (수) 한지원 도슨트19일 (목) 한지원 도슨트20일 (금) 최예림 도슨트 25일 (수) 한지원 도슨트26일 (목) 정우철 도슨트27일 (금) 최예림 도슨트 31일 (화) 정우철 도슨트 2월화요일: 정우철 도슨트수요일: 한지원 도슨트 목요일: 한지원 도슨트 (2/2, 2/16)          정우철 도슨트 (2/9, 2/23)금요일: 최예림 도슨트",
개구리 중사 케로로 퍼렁별 정복展,대원뮤지엄 팝콘D스퀘어,2022.12.24,2023.04.23,"15,000원",전체관람가,http://ticketimage.interpark.com/Play/image/large/22/22017744_p.gif,관람시간 : 오전 10시30 분 ~ 오후 8시                   (매표및 입장 마감시간 관람종료 1시간),,"일반(만19세~만64세): 15,000원
어린이,청소년 (미취학 어린이~ 만18세[학생증 제시]) : 13,000원
24개월 미만 [증빙서류지참], 경로우대 65세 이상 [신분증 지참] : 무료
* 증빙서류 미지참시 현장에서 차액 지불",http://ticketimage.interpark.com/Play/image/etc/22/22017744-03.jpg
［서울］ 이집트 미라전 : 부활을 위한 여정,예술의전당 서예박물관,2022.12.15,2023.03.26,"20,000원",전체관람가,http://ticketimage.interpark.com/Play/image/large/22/22017160_p.gif,판매기간 : - 얼리버드: 2022.12.08 ~ 2022.12.14 - 정가: 2022.12.15 00:00 ~ 2023.03.26 17:00 유효기간 : 2022.12.15 ~ 2023.03.26,,"[상품 사용 안내]
1. 최소 이용 1시간 전 구매 (당일구매/당일사용 가능)
현장방문, 고객 성함 및 휴대폰번호 뒷4자리 확인 후 이용

[유의 사항 안내]
[전시정보]
이집트 미라전 : 부활을 위한 여정
전시기간: 2022년 12월 15일 (목) ~ 2023년 03월 26일(일)
관람시간: 10:00 ~ 19:00 (입장마감: 18:00)
매주 월요일 휴관
[관람기준]
성인: 만 19세 ~ 만 64세
청소년: 만 13세 ~ 만 18세
어린이: 36개월 이상 ~ 만 12세
[티켓정보]
- 3차 얼리버드 티켓 판매기간: ~ 2022.12.14 23:59
- 성인 판매기간 : 판매기간: 2022.12.15 00:00 ~ 2022.03.26 17:00
- 청소년 판매기간 : 판매기간: 2022.12.15 00:00 ~ 2022.03.26 17:00
- 어린이 판매기간 : 판매기간: 2022.12.15 00:00 ~ 2022.03.26 17:00
- 티켓 환불 가능 기간: ~ 2023. 3. 25 17:00 까지

[업체정보] 
전시장 : 서울특별시 서초구 남부순환로 2406 예술의전당 서예박물관 실험전시실, 현대전시실
관람시간 : 화~일 10:00 ~ 19:00 (6시 매표 및 입장 마감)
휴관일 : 매주 월요일
무료입장기준 : 36개월 미만
주차여부 : 가능
최초 3시간 4,000원 (추가 15분당 1,000원, 최대 30,000원)
연중 토, 일, 공휴일에 한하여 주차요금의 1.5배 부과
(전시관객: 3시간 6,000원/ 추가요금 15분당 1,500원)

[환불규정] 
사용 티켓은 취소가능기간 (~ 2023.03.25 17:00) 이후 환불이 불가합니다.
유효기간 후 환불 불가
사용한 티켓은 환불 불가능합니다.
기획사 요청에 따라 유효기간 이후 환불불가

[판매자정보]
업체명 : (주)야놀자
문의전화 : 1599-8370 (야놀자 고객센터)
상담시간 : 09:00~19:00 (연중무휴)",
빈센트 발 : The Art of Shadow,MUSEUM 209,2022.11.11,2023.04.23,"15,000원",전체관람가,http://ticketimage.interpark.com/Play/image/large/22/22015865_p.gif,오전 10시 - 오후 7시 (입장마감 : 오후 6시) * 매주 월요일 휴관,,"[전시개요]
전시명 : 빈센트 발 : The Art of Shadow
전시기간 : 2022.11.11. ~ 2023.04.23
관람시간 : 오전 10시 ~ 오후 7시(입장마감 : 오후 6시)
          * 매월 첫째 주 월요일 휴관
전시문의 : 02-6953-8016 
전시장소 : MUSEUM 209 (서울 송파구 잠실로 209 소피텔 건물 3층)

*주말은 전시장이 혼잡할 것으로 예상되오니 평일 관람을 권장 드립니다. 상황에 따라 입장이 조기 마감될 수 있습니다.",http://ticketimage.interpark.com/Play/image/etc/22/22015865-01.jpg
"［동탄］2023년 1,2월-어둠속의대화(DIALOGUE IN THE DARK)",동탄 어둠속의대화,2021.08.20,오픈런,"33,000원",만 8세이상,http://ticketimage.interpark.com/Play/image/large/22/22012718_p.gif,예매가능시간: 관람 5분 전까지 * 오픈일　ㆍ수-일요일: 10:00-19:00 (입장시간 기준)* 휴관일　ㆍ월·화요일 ㆍ공휴일- 1월 1일(일) 신정- 1월 22일(일)-1월 24일(화) 설연휴* 소요시간: 100분(1시간 40분)* 관람인원: 1회차 1명-8명* 대표번호: 1877-6145,,"* 중도입장불가　예매한 시간 15분 전까지 도착해주시기 바랍니다. * 사전 예매 및 문의 대상　ㆍ단체 20인 이상　ㆍ스페셜 이벤트, 워크샵 투어　ㆍ장애인, 임산부, 노약자, 외국인* 관람연령안내　입장 가능 연령은 8세이상 70세이하입니다.　만14세 미만 청소년은 법정 대리인 동의서가 필수입니다.　(페이지 하단부 개인정보 처리 방침 동의서를 확인 바랍니다.)",http://ticketimage.interpark.com/Play/image/etc/22/22012718-01.jpg
앤서니 브라운의 원더랜드 뮤지엄展,강동아트센터 복합문화공간 아트랑,2022.12.07,2023.02.19,"10,000원",전체관람가,http://ticketimage.interpark.com/Play/image/large/22/22015969_p.gif,2022년 12월 7일 수요일 ~  2023년 2월 19일 일요일  오전 10시 ~ 오후 6시 (입장마감은 오후 5시)  ※ 매주 월요일 휴관,,"[입장안내]

-  전시장은 강동아트센터 복합문화공간 아트랑 space 1, 2, 3 입니다.
-  매표 및 입장마감은 전시 종료 1시간 전까지 입장 가능합니다.
-  무료 입장은 36개월 미만 아동 (단, 생년월일을 확인할 수 있는 의료보험증 및 기타서류를 지참시 가능)
-  전시장 입장 시 생수 외 음료 및 음식물 반입이 불가 합니다.
-  예매 티켓 수령 시 예매자 신분증과 함께 예매 번호, 할인 관련 서류 원본 등을 지참하시기 바랍니다.",http://ticketimage.interpark.com/Play/image/etc/22/22015969-01.jpg
하리보 골드베렌 100주년 생일 기념전,인사센트럴뮤지엄,2022.10.13,2023.03.12,"20,000원",전체관람가,http://ticketimage.interpark.com/Play/image/large/22/22013829_p.gif,관람시간: 매일 오전 10시 ~ 오후 8시 (입장마감시간: 오후 7시)<전시장 휴관일>*매월 둘째 주 월요일 휴관-2022.11.14(월)-2022.12.12(월)-2023.01.09(월)-2023.02.13(월) ,"http://ticketimage.interpark.com/Play/image/etc/22/22013829-04.jpg, http://ticketimage.interpark.com/Play/image/etc/22/22013829-05.jpg, http://ticketimage.interpark.com/Play/image/etc/22/22013829-06.jpg","

Untitled Document



","http://ticketimage.interpark.com/Play/image/etc/22/22013829-04.jpg, http://ticketimage.interpark.com/Play/image/etc/22/22013829-05.jpg, http://ticketimage.interpark.com/Play/image/etc/22/22013829-06.jpg"
［서울 성동］나탈리 카르푸셴코 사진전,나탈리 카르푸셴코 사진전,2022.12.23,2023.05.07,"15,000원",전체관람가,http://ticketimage.interpark.com/Play/image/large/22/22015362_p.gif,* 판매기간 : 2022.11.02 ~ 2022.12.22 * 유효기간 : 2022.12.23 ~ 2023.05.07,,"[기본정보]* 판매기간 : 2022.11.02 ~ 2022.12.22* 유효기간 : 2022.12.23 ~ 2023.05.07[티켓사용방법]1. 티켓구매 후 10분 이내 모바일티켓 수신2. 이용당일 현장 방문3. 모바일티켓 및 구매자정보 확인 후 입장[모바일티켓 문의처](주)스마틱스TEL : 02-6933-6480 운영시간 : 매일 09:00~18:00 (점심 12:00~13:00) [판매자정보](주)야놀자TEL: 1599-8370(야놀자 고객센터)운영시간: 09:00 ~ 18:00[업체정보]* 전시명 : 나탈리 카르푸셴코 사진전* 업체주소 : - 지번 : 서울특별시 성수동2가 280-6 A동 지하1층 - 도로명 : 서울 성동구 아차산로17길 49 A동 지하1층 * 업체문의 : 1522-1796 * 운영시간 : 10:00~19:00 (주중/주말 공통)* 매표마감 : 18:00 * 휴무 : 매월 첫째 주 월요일 휴관 (공휴일 정상 운영) * 주차여부 : 불가[이용정보]* 관람일시- 운영 시간: 오전 10시 ~ 오후 7시- 입장 및 매표소 마감: 오후 6시- 휴관일: 매월 첫 번째 월요일 (공휴일 정상 운영)* 전시기간 : 2022.12.23 ~ 2023.05.07* 관람시간 : 월~일 10:00~19:00 (매표 및 입장 마감 : 18:00)* 매월 첫째 주 월요일 휴관 (공휴일 정상 운영)* 휴관일 : - 1월: 1/2 - 2월: 2/6- 3월: 3/6- 4월 4/3[유의사항]* 사용기간 : ~ 2023.05.07 (전시기간 내 관람)* 모든 티켓은 공지된 사용 기간 내 미사용시 교환 및 환불이 불가합니다.* (~ 2023.05.06 17:00) 이후 교환 및 환불 불가)[취소/환불규정]* 환불 가능일시 - 1인권: '23.05.06 17시 내 100% 환불 가능 (이후 수수료 100%)- 패키지: '23.04.01 17시 내 100% 환불 가능 (이후 수수료 100%)(단 패키지 티켓 두 장 중 한 건이라도 사용 시 부분 환불 불가, 취소 시 수수료 100%)* 취소가능기간 후 환불 불가* 사용한 티켓은 환불 불가능합니다.* 시설사 요청에 따라 전시종료일 이후 환불 불가","http://ticketimage.interpark.com/Play/image/etc/22/22015362-05.jpg, http://ticketimage.interpark.com/Play/image/etc/22/22015362-06.jpg"
프랑코 폰타나：컬러 인 라이프,마이아트뮤지엄,2022.09.30,2023.03.01,"18,000원",전체관람가,http://ticketimage.interpark.com/Play/image/large/22/22012885_p.gif,"전시기간 : 2022년 9월 30일 - 2023년 3월 1일 ( 1월 22일 설날 당일 휴관 | 공휴일 정상개관) 관람시간 : 월-일 10:00 - 20:00 (입장마감 19:00) 정규도슨트 : 월-금 11시, 14시, 16시 (총 3회) | 주말 및 공휴일 도슨트 미운영",,[10월 쇽딜 & 수요아트살롱 티켓 안내]10월 쇽딜 & 수요아트살롱 티켓은 12월 31일자로 사용 및 취소 기한이 만료되었습니다. (이용/환불 불가)안내 된 사용 기간은 정상가 상품에 대한 설명으로 구매하신 이벤트 권종과는 내용이 상이함을 참고해주시기바랍니다.[일반 티켓 사용 안내]관람기간 : ~ 2023년 3월 1일 까지* 티켓은 공지된 사용기간 내 미사용 시 교환 및 환불이 불가합니다.* 본 티켓은 23년 3월 1일 오후 7시 이후에는 교환 및 환불이 불가합니다.- 티켓 선물하기 : 티켓 수령 방법을 ［모바일 티켓］ 으로 선택하시기 바랍니다.- 티켓 단체구매 : 20매 이상 단체구매 및 배송 문의는 마이아트뮤지엄 홈페이지로 문의 주시기 바랍니다.- 전시 관련 공지사항은 마이아트뮤지엄 인스타그램 및 홈페이지에서 확인 하시기 바랍니다.- 전시 및 미술관 문의는 ［마이아트뮤지엄 카카오 채널］ 1:1 채팅을 통해서 빠르게 답변 받을 수 있습니다.,http://ticketimage.interpark.com/Play/image/etc/22/22012885-01.jpg
［서울 성수］로그아웃,뚝섬미술관,2022.10.19,2023.04.02,"15,000원",전체관람가,http://ticketimage.interpark.com/Play/image/large/22/22013931_p.gif,* 판매기간 : ~ 2023.04.02 * 유효기간 : ~ 2023.04.02,,"[기본정보]
* 판매기간 : ~ 2023.04.02
* 유효기간 : ~ 2023.04.02

[티켓사용방법]
* 1.상품구매
* 2.현장 매표소에서 구매내역 및 고객정보 확인 후 지류 티켓 수령

[업체정보]
* 전시장소 : 뚝섬미술관
  - (주소 : 서울특별시 성동구 아차산로 33, 지하1층)
* 전시기간 : ~2023년 4월 2일
* 운영시간 : 평일 - 11:00 ~ 19:00 / 주말 - 10:00 ~ 20:00 
* 휴관일 : 없음

[유의사항]
- 공간이 협소한 관계로 대중교통 이용 바랍니다.

[취소/환불규정]
*유효기간 내 미사용티켓 100% 환불가능
*유효기간 후 환불 불가
*사용한 티켓은 환불 불가능합니다.

[관람 유의사항]
* 전체관람가 입니다.
* 전시장 내 유모차, 휠체어는 반입이 불가합니다
* 전시장 내 셀카봉 사용 및 반입이 불가합니다.
* 미술관 주차장이 협소하오니 가급적 대중교통 이용바랍니다.",
마틴 마르지엘라,롯데뮤지엄,2022.12.24,2023.03.26,"19,000원",전체관람가,http://ticketimage.interpark.com/Play/image/large/22/22015911_p.gif,예매가능시간: 전일 23시 59분까지 ※ 정상가 티켓 사용 및 취소기한 : ~23년 3월 26일(일)까지 ※ 휴관안내 : 롯데뮤지엄 홈페이지 참조(www.lottemuseum.com) ※ 문화가 있는날 40% 현장 할인 : 매월 마지막주 수요일(중복할인 및 온라인 예매 불가),,"[ 티켓구매 유의사항］-정상가 티켓 사용 및 취소 가능 기간 : ~ 23년 3월 26일(일)까지-23년 3월 26일(일)까지 미사용 및 미취소시 자동 사용처리되며, 개인 사유 및 과실로 인한 환불 불가합니다. 구매에 착오 없으시길 바랍니다.［코로나19 방역안내］ -관람시 다른 관람객분들과 안전거리를 두고 관람 부탁드립니다. -전시장에서 마스크 미착용시 입장이 제한될 수 있으니 반드시 착용 후 입장 바랍니다. -롯데뮤지엄은 관람객 여러분이 안심하고 전시관람을 하실 수 있도록, 마스크 착용 및 정기방역을 통해 위생관리에 만전을 기하고 있습니다.롯데뮤지엄 < Martin Margiela at LOTTE Museum of Art>휴관일 : 23년 1월 1일(일) / 1월 21일(토), 1월 22일(일)",http://ticketimage.interpark.com/Play/image/etc/22/22015911-01.jpg
어노니머스 프로젝트,어노니머스 프로젝트,2022.11.25,2023.04.02,"15,000원",전체관람가,http://ticketimage.interpark.com/Play/image/large/22/22015333_p.gif,판매기간 : 2022.11.02~2022.11.24 유효기간 : 2022.11.25~2023.04.02,,[기본정보] 판매기간 : 2022.11.02~2022.11.24유효기간 : 2022.11.25~2023.04.02[티켓사용안내]1. 티켓구매 후 10분 이내 모바일티켓 수신2. 이용당일 현장 방문3. 모바일티켓 및 구매자정보 확인 후 입장[모바일티켓 문의처](주)스마틱스TEL : 02-6933-6480 운영시간 : 매일 09:00~18:00 (점심 12:00~13:00) [판매자정보](주)야놀자TEL: 1599-8370(야놀자 고객센터)운영시간: 09:00 ~ 18:00[업체정보]* 업체명 : 어노니머스 프로젝트* 업체주소 : - 지번 : 서울특별시 종로구 통의동 35-17 - 도로명 : 서울특별시 종로구 자하문로6길 18-8 * 업체문의 : 070-4473-9745 * 운영시간 : 10:00~19:00 (주중/주말 공통)* 매표마감 : 18:00 * 휴무 : 매월 첫째 주 월요일 휴관 (공휴일 정상 운영) * 주차여부 : 불가[이용안내]* 관람일시- 운영 시간: 오전 10시 ~ 오후 7시- 입장 및 매표소 마감: 오후 6시- 휴관일: 매월 첫 번째 월요일 (공휴일 정상 운영)* 전시기간 : 2022.11.25 ~ 2023.04.02- 관람시간 : 월~일 10:00~19:00 (매표 및 입장 마감 : 18:00)- 매월 첫째 주 월요일 휴관 (공휴일 정상 운영)- 휴관일 : -12월: 12/5- 1월: 1/2- 2월: 2/6- 3월: 3/6[유의사항]* 사용기간 : ~ 2023.04.02 (전시기간 내 관람)*모든 티켓은 공지된 사용 기간 내 미사용시 교환 및 환불이 불가합니다.* (~ 2023.04.01 17:00) 이후 교환 및 환불 불가)[취소/환불규정]* 취소기간(2023년 4월 1일 17:00까지) 내 미사용티켓 100% 환불가능* 취소가능기간 후 환불 불가* 사용한 티켓은 환불 불가능합니다.* 시설사 요청에 따라 전시종료일 이후 환불 불가,"http://ticketimage.interpark.com/Play/image/etc/22/22015333-06.jpg, http://ticketimage.interpark.com/Play/image/etc/22/22015333-03.jpg"
모네 인사이드,그라운드시소 명동,2022.09.01,오픈런,"15,000원",전체관람가,http://ticketimage.interpark.com/Play/image/large/22/22009615_p.gif,"예매가능시간: 관람일 18시까지 *롯데백화점 휴점일과 연동되며, 매월 마지막 주 익월 휴관일이 공지될 예정입니다.*9월 휴관일은 9/9(금) 9/10(토) 입니다.*관람가능시간: 오전 11시 ~ 오후 8시 (입장마감 오후 7시)",,"*예매자는 본 예매 상세페이지의 모든 내용을 숙지 및 동의한 것으로 간주합니다.- 안내 미숙지로 인한 책임은 예매자 본인에게 있으며, 이로 인한 당일 취소, 변경, 환불은 불가합니다.*본 전시는 일자 지정형 전시입니다.*온라인에서 사전에 예매한 후 입장 가능하며, 현장 구매는 불가합니다.*예약한 일자의 하루 전까지만 취소 및 환불이 가능합니다.*전시장 내부가 어둡고, 사운드의 음량이 커 폐소공포증이 있거나, 유아, 어린이, 임산부, 노약자 등에 해당하는 분들은 예매 및 입장에 유의 부탁 드립니다.",http://ticketimage.interpark.com/Play/image/etc/22/22009615-01.jpg
［80주년 기념 연장특가］〈어린왕자 인 서울〉 스토리몰입형 미디어아트,띠아트 홍대,2022.06.03,2023.04.30,"11,000원",전체관람가,http://ticketimage.interpark.com/Play/image/large/22/22006533_p.gif,- 연중무휴 - 오전 11시 - 20시00분 (*입장마감 19시 00분),,"어린왕자 출간 80주년을 맞아, 관람객 여러분의 뜨거운 사랑에 힘입어 <어린왕자 인 서울>의 전시가 2023년 4월말로 연장됩니다.* 〈어린왕자 인 서울〉은 원활한 전시 환경을 위해 관람일 지정형으로 진행되며, 23년 04월달 내 관람 지정일 외의 날에도 상시 사용 가능합니다.* 수험생 할인 티켓 수령 시, 수험표 혹은 할인 대상자의 출생년도가 명시된 신분증 지참부탁드립니다. (미지참 시 정가 대비 차액 현장 지불)［공연시간 정보］- 연중무휴- ~23년 04월 30일까지[전시기간 정보]- 전시 기간 : 2022.06.03~2023.04.30- 운영 시간 : 연중무휴_ 11시~20시까지 (입장마감 19시)[입장 안내]- 타임테이블과 관계 없이 상시 입장이 가능하나 회차 기준 정원 초과시 원할한 관람을 위해 다음회차 번호표를 선착순으로 배포하고있습니다.[교통 및 주차 안내]- 극장 내 별도의 주차 시설이 마련되어 있지 않으며 공연장 주변 교통이 혼잡하오니 대중교통 이용을 권장 드립니다.",http://ticketimage.interpark.com/Play/image/etc/22/22006533-07.jpg
［얼리버드］미구엘 슈발리에 〈디지털 뷰티〉,아라아트센터,2023.01.18,2023.03.31,가격 정보 없음,전체관람가,http://ticketimage.interpark.com/Play/image/large/22/22017589_p.gif,"10:00-19:00 (입장마감 18:00)매월 세번째 월요일 휴관 (2023년 1월 16일, 2월 20일, 3월 20일...)",,"미구엘 슈발리에 <디지털 뷰티 2023>
얼리버드 상품입니다.
- 티켓사용기간: 2023년 1월 18일 ~ 2023년 3월 31일

[티켓이용안내]
1. 구매 후 1시간 이내 모바일티켓(QR) 수신
2. 티켓사용기간 내 전시장 방문
3. 현장에서 구매자정보 및 모바일티켓(QR) 확인 후 입장

[모바일티켓 문의처]
㈜스마틱스
TEL: 02-6933-6480
운영시간: 매일 09:00-18:00 (점심 12:00-13:00)",http://ticketimage.interpark.com/Play/image/etc/22/22017589-01.jpg
2022 안성맞춤 천문과학관,안성맞춤랜드 내 천문과학관,2022.01.01,2023.02.28,"4,000원",전체관람가,http://ticketimage.interpark.com/Play/image/large/21/21013073_p.gif,"예매가능시간: 전일 23시 59분까지 관람시간 안내(동절기, 2022년 10월~2023년 2월)- 1회차: 오후 2시 ~ 오후 2시 50분(프로그램: 천체투영관 관람, 태양관측)- 2회차: 오후 3시 ~ 오후 3시 50분(프로그램: 천체투영관 관람, 태양관측)- 3회차: 오후 4시 ~ 오후 4시 50분(프로그램: 천체투영관 관람, 태양관측)- 직원식사 및 망원경 준비시간 : 오후 5시 ~ 오후 6시 30분 (해가 저물고 어두워질 때까지 관측이 안되는 시간)- 저녁 타임은 6시 30분 부터 입장가능하십니다.- 4회차: 오후 7시 ~ 오후 7시 50분(프로그램: 천체투영관 관람, 천체관측)- 5회차: 오후 8시 ~ 오후 8시 50분(프로그램: 천체투영관 관람, 천체관측)- 6회차: 오후 9시 ~ 오후 9시 50분(프로그램: 천체투영관 관람, 천체관측)* 관람시간 안내 : 안성맞춤천문과학관 홈페이지 참조 (https://www.anseong.go.kr/tourPortal/astro/main.do)- 프로그램은 정시에 시작합니다. 프로그램 시작 시간보다 10~15분 전에는 천문관에 도착해 있어야 합니다.* 이달의 관측대상 : 안성맞춤천문과학관 ＆이달의 관측대상> 참조 (https://www.anseong.go.kr/tourPortal/astro/contents.do?mId=0103000000)- 계절에 따라 관측할 수 있는 천체들이 달라집니다. 이용하고자 하는 날에 어떤 것을 관측할 수 있는지 천문과학관 홈페이지에서 미리 확인하시기를 권합니다.［관람이용 Tip］- 주간에는 태양관측을, 야간에는 천체관측을 진행하니, 야간프로그램 이용시에는 어린이들은 낮잠을 재우도록 합니다.- 태양관측과 천체관측은 날씨가 맑아야 관측할 수 있습니다. 흐리거나, 비가 오거나, 눈이 오면 관측을 할 수 없으니, 날씨 예보 및 기상청 일기예보를 참고하셔야 합니다.- 천체관측실은 난방이 되지 않으니 늦가을부터는 밤에 따뜻한 옷을 입어서 추위에 대비합니다.- 천체관측 중에 플래시 불빛을 이용한 사진 촬영은 다른 사람들의 관측을 방해하니 사진 촬영을 하지 않습니다. 낮에는 사진 촬영이 자유롭습니다.- 달은 초승달에서 보름달 때까지만 저녁에 관측할 수 있으니, 달이 떠 있는 시기를 음력으로 확인하고 방문합니다. 달은 음력 5일 ~ 14일까지가 저녁에 떠 있는 시기입니다. ",,"- 음료, 과자 등의 음식물을 가지고 입장할 수 없습니다.
- 영·유아(만 5세 미만, 키 100cm 이하)나 임산부, 음주자, 옷이 젖은 사람은 천체투영관에 입장할 수 없습니다.",
K-일러스트레이션페어 서울 2023,코엑스 Hall D,2023.02.16,2023.02.19,"10,000원",전체관람가,http://ticketimage.interpark.com/Play/image/large/22/22016001_p.gif,관람시간: 오전 11시 ~ 오후 6시 - 관람 종료 30분 전 매표 및 입장 마감,,"[티켓이용안내]
1. 티켓구매 후 10분 이내 모바일티켓 수신
2. 행사기간 내 K-일러스트레이션페어 방문
3. 현장에서 모바일티켓 및 구매자정보 확인
4. ID밴드 수령 후 입장

[전시개요]
행사명: K-일러스트레이션페어 서울 2023
기간: 2023년 2월 16일(목)~19일(일) / 4일간
장소: 서울 코엑스 Hall D
관람시간: 오전 11시 ~ 오후 6시
- 관람 종료 30분 전 매표 및 입장 마감
주최: (주)한국국제전시
문의: 02-761-2512

[유의사항]
- 무료입장 대상자의 경우, 본인에 한해서만 무료입장이 적용됩니다. (증빙서류 필수 지참)
- 음식물 및 음료의 반입은 금지입니다.
- 행사기간 중 1일에 한하여 입장가능합니다. (전일 입장 시 4장 구매)
- 사진 촬영은 불가합니다. 부득이한 촬영이 필요할 경우 반드시 출품업체에게 동의를 구해주시기 바랍니다.
- 입장 시 대기 줄이 발생할 수 있습니다.

[취소/환불규정]
유효기간 내 사용하지 않은 티켓은 100% 전액환불가능합니다.
사용된 티켓의 환불은 불가합니다.
유효기간 종료 후 미사용티켓의 환불은 불가합니다. (그린티켓 미적용)
※ 유효기간 : 행사기간과 동일",http://ticketimage.interpark.com/Play/image/etc/22/22016001-01.jpg
프리다 칼로 사진전,현대백화점 무역센터점 10층 문화홀,2022.12.23,2023.03.26,"15,000원",전체관람가,http://ticketimage.interpark.com/Play/image/large/22/22017755_p.gif,2022년 12월 23일(금) ~ 2023년 03월 26일(일) 10시 30분 ~ 20시 * 입장 마감 19시 * 백화점 휴무일 휴관,,"* 휴관일 안내 : 1월 1일(일), 21일(토),22일(일)은 현대백화점 무역센터점 휴무일이므로, 프리다 칼로 사진전도 함께 휴관됩니다.* 도슨트 일정 변경 안내: 1월 4일(수)은 도슨트님의 건강 문제로 인해 전시해설이 미운영됩니다. 다른 날짜에는 정상 운영되오니,이 점 참고하시어 방문 부탁드립니다.",http://ticketimage.interpark.com/Play/image/etc/22/22017755-02.jpg
영천시 보현산천문과학관(2022.11 ~),영천시 보현산 천문과학관,2022.11.01,2023.02.28,"4,000원",전체관람가,http://ticketimage.interpark.com/Play/image/large/22/22013142_p.gif,"예매가능시간: 전일 23시 59분까지 다음달 인터파크 예매 시작은 매월 1일 오전 11시 이고, 공휴일일경우와 천문과학관의 휴관일일 경우 하루씩 미뤄집니다.- 예매하신 시간의 10분 전까지 반드시 도착하셔야 하고, 운영 시작 이후 중간에 입장하실 수 없습니다.- 예약 당일에는 이용권의 환불, 교환 등이 불가합니다.- 천체투영관, 천체관측실의 순서로 관람이 진행됩니다.- 천체관측실에서는 낮에는 태양관측, 밤에는 다양한 천체관측이 진행됩니다. (관측대상은 천문과학관 홈페이지 참조)- 날씨가 흐려서 관측이 불가할 경우 천체망원경에 관한 설명으로 진행됩니다.- 1시간당 40명 정원입니다.- 정원 초과로 이용하실 수 없습니다.- 실내에서는 반드시 마스크를 착용하셔야 합니다.- 주말, 공휴일에는 단체 관람객의 입장을 받지 않습니다.- 어린이들이 소리를 지르거나 뛰지 않도록 해 주세요.- 정부의 사회적 거리두기 지침이 바뀌거나 코로나19의 지역감염 혹은 지역확산 위험이 있을 시 긴급히 운영방침이 바뀔 수 있으며 이때 예약하신 내용의 변경이 있게 될 경우 모두 보상 처리 됩니다.- 평일 예약, 평일 단체 예약, 특별관람 예약 등은 보현산천문과학관 홈페이지를 이용해주세요.*이용회차〈평일〉보현산천문과학관 홈페이지에서 예약〈URL〉www.yc.go.kr/toursub/starsm/contents.do1회차 - 14:00 ~ 15:002회차 - 15:00 ~ 16:003회차 - 16:00 ~ 17:004회차 - 19:00 ~ 20:005회차 - 20:00 ~ 21:00〈주말 및 공휴일〉(토, 일 및 공휴일) 인터파크에서 예매 ",http://ticketimage.interpark.com/Play/image/etc/22/22013142-01.jpg,"

臾댁젣 臾몄꽌
",http://ticketimage.interpark.com/Play/image/etc/22/22013142-01.jpg
［전시 연장 / 20% 할인］뒤뷔페 전 - 프랑스 현대미술의 거장,소마미술관,2022.10.06,2023.02.05,"20,000원",전체관람가,http://ticketimage.interpark.com/Play/image/large/22/22013275_p.gif,판매기간 : 2022.10.01 ~ 2023.02.04 17:00 유효기간 : 2022.10.01 ~ 2023.02.05,http://ticketimage.interpark.com/220132752022/12/01/27a3240d.jpg,"※ <뒤뷔페 전> 휴관 일정 공지- 2023년 1월 1일 (일요일/신정)- 2023년 1월 22일 (일요일/구정 당일)위 일자에는 <뒤뷔페 전> 전시관 휴관을 진행합니다. 예매 및 방문에 참고하시기 바랍니다. 판매기간 : 2022.10.01 ~ 2023.02.04 17:00유효기간 : 2022.10.01 ~ 2023.02.05* 티켓은 공지된 사용기간 내 미사용 시 교환 및 환불이 불가합니다.* 티켓은 23년 02월 04일 17시 이후에는 교환 및 환불이 불가합니다.36개월 미만 관객 무료입장 (증빙자료 지참 시 적용)[취소/환불 규정]유효기간 내 미사용티켓 100% 환불가능환불 가능여부 문의는 1544-1555유효기간 후 환불 불가사용한 티켓은 환불 불가능합니다.[상품 사용 안내]1. 최소 이용 1시간 전 구매(당일구매/당일사용 가능)2. 현장방문, 고객 성함 및 휴대폰번호 확인 후 이용[이용안내]- 관람기간 : 2022. 10. 01 ~ 2023. 02. 05- 올림픽공원 소마미술관 2관- 관람시간 : 오전 10시 ~ 오후 7시 (입장마감 오후 6시 30분)[업체정보]업체명 : 주식회사 우주스타업체주소 : 서울특별시 송파구 방이동 88-21 올림픽공원 소마미술관 2관업체번호 : 02-425-1077운영시간 : 오전 10시 ~ 오후 7시(입장마감 오후 6시 30분)",http://ticketimage.interpark.com/Play/image/etc/22/22013275-01.jpg
셀럽이 사랑한 Bag＆Shoes,세종문화회관 미술관,2023.01.10,2023.03.25,"15,000원",전체관람가,http://ticketimage.interpark.com/Play/image/large/23/23000083_p.gif,전시 기간 중 무휴 10:30~19:00(18:30 입장 마감),"http://ticketimage.interpark.com/Play/image/etc/23/23000083-01.jpg, http://ticketimage.interpark.com/Play/image/etc/23/23000083-02.jpg","

臾댁젣 臾몄꽌

","http://ticketimage.interpark.com/Play/image/etc/23/23000083-01.jpg, http://ticketimage.interpark.com/Play/image/etc/23/23000083-02.jpg"
［서울］63아트 맥스 달튼 전시 입장권 (~1/31),아쿠아플라넷 63,2023.01.02,2023.01.31,"15,000원",전체관람가,http://ticketimage.interpark.com/Play/image/large/22/22018025_p.gif,판매기간 : ~ 2023.01.31 유효기간 : 구매 1시간 이후 ~ 2023.01.31,,"[기본정보]
판매기간 : ~ 2023.01.31
유효기간 : 구매 1시간 이후 ~ 2023.01.31

[상품 사용 안내]
1. 원하는 상품 구매 (당일구매/당일사용 가능)
2. 1시간 이내 바코드 문자 수신
  - 문자 미수신 및 재발송 문의 : 1599-8370 (야놀자)
3. 매표소에서 모바일 바코드 제시
4. 현장에서 티켓 확인 후 입장

[연령기준]
- 대인 : 14세 이상
- 소인 : 36개월 이상 13세 이하
- 경로 : 65세 이상
- 36개월 미만은 증빙서류 지참시 무료 입장이 가능합니다.
- 경로(65세 이상) 확인을 위해 경로우대증, 주민등록증을 반드시 지참해 주시기 바랍니다.

[유의사항]
- 구매당일 사용 가능하나, 구매 후 1시간 후 부터 이용 가능합니다.
- 구매 후 1시간 후에 문자를 발송해드립니다. 문자 미수신 또는 삭제하셨을 경우 반드시 문의부탁드립니다.
- 운영 마감 30분전까지 입장 가능합니다.
- 36개월 미만 유아는 무료입장이 가능합니다. (의료보험증 기타 증빙서류 제시)
- 사용 후 취소 및 환불이 불가합니다.
- 권종, 인원을 잘못 선택하여 결제하였을 경우 취소 후 재구매해주시기 바랍니다.
- 경로(65세 이상)의 경우 소인으로 적용 가능하며, 확인을 위해 경로우대증, 주민등록증을 반드시 지참해 주시기 바랍니다.
- GF층 아쿠아리움 카페는 주말만 운영합니다.
- 60층 카페는 주중/주말 정상운영 됩니다.

[주차안내]
- 출차 전 그라운드(B1층)매표소에서 주차인증 부탁드립니다.
- 단품 이용시 : 2시간 무료주차
- 종합권 이용시 : 3시간 무료주차
- 무료주차 시간 외 추가요금 발생시 15분당 1,000원입니다

[업체정보]
업체명 : 아쿠아플라넷 63
주소 : 서울특별시 영등포구 여의도동 60
시설 문의번호 : 1833-7001
운영 시간
  - 아쿠아플라넷 : 10:00 ~ 19:00
  - 매표마감 (라스트 입장) : 마감시간 30분전 입장 마감
휴무일 : 연중무휴
최소이용가능나이 : 전연령이용가능
무료입장기준 : 36개월 미만 (증빙서류 지참 필수/미지참시 소아요금적용)
주차 : 가능
  - 최초 2시간 무료, 추가 15분당 1,000원
  - 아쿠아플라넷 63 / 63ART 중 1개 업장 관람 시 2시간 무료 주차
  - 2개 업장(종합권) 모두 이용 시 3시간 무료 주차
  - 시간 초과 시 15분당 1,000원(현금 결제)

[취소/환불규정]
유효기간 내 미사용티켓 100% 환불가능
유효기간 후 미사용티켓 100% 환불가능
사용한 티켓은 환불 불가능합니다.

[판매자정보]
업체명 : ㈜야놀자
문의전화 : 1599-8370(야놀자 고객센터)
상담시간 : 09:00 ~ 18:00 (연중무휴)",http://ticketimage.interpark.com/Play/image/etc/22/22018025-01.jpg
성남큐브미술관 특별기획전,성남큐브미술관,2022.12.23,2023.03.19,"10,000원",전체관람가,http://ticketimage.interpark.com/Play/image/large/22/22017240_p.gif,- 전시관람 : 10:00 ~ 18:00 / 입장마감 17:40  / 매주 월요일 휴관,http://ticketimage.interpark.com/Play/image/etc/22/22017240-01.jpg,"

Untitled Document

",http://ticketimage.interpark.com/Play/image/etc/22/22017240-01.jpg
［대구］ 상상을 찍는 사진작가 에릭 요한슨展,경북대미술관,2022.12.13,2023.03.05,"15,000원",전체관람가,http://ticketimage.interpark.com/Play/image/large/22/22015883_p.gif,판매기간 : ~2023.03.05 17:00 얼리버드 판매기간 : ~2022.11.30 유효기간 : 2022.12.13. ~ 2023.03.05,,"[기본정보] 
판매기간 : ~2023.03.05 17:00
얼리버드 판매기간 : ~2022.11.30
유효기간 : 2022.12.13. ~ 2023.03.05


[이용방법]
1. 최소 이용 1시간 전 구매 (당일구매/당일사용 가능)
2. 현장방문, 고객 성함 및 휴대폰번호 뒷4자리 확인 후 이용

- 전시장소 : 경북대미술관
- 전시기간 : 2022.12.13 ~ 2023.03.05
- 관람시간 : 오전 11시 ~ 오후 8시 (입장마감 : 오후 7시 20분)


[업체정보]
업체주소 : 대구광역시 북구 대학로 80
업체번호 : 1533-7857
운영시간 : 11:00~20:00
매표마감 : 19:20
휴 무 일 : 매주 월요일 휴관
무료입장기준 : 36개월 미만(증빙서류 필참)
주차여부 : 가능 / 1일권 2,000원


[유의사항]
사용기간 : ~ 2023. 03. 05 (전시기간 내 관람)
* 사용한 티켓은 교환 및 환불이 불가합니다.


[취소/환불규정]
유효기간 내 미사용티켓 100% 환불가능
유효기간 후 미사용티켓 환불불가
사용한 티켓은 환불 불가능합니다.


[판매자정보]
업체명 : ㈜야놀자
문의전화 : 1599-8370(야놀자 고객센터)
상담시간 : 09:00 ~ 18:00",http://ticketimage.interpark.com/Play/image/etc/22/22015883-01.jpg
［강릉］아르떼뮤지엄,강릉 아르떼뮤지엄,2021.12.23,2023.12.31,"17,000원",전체관람가,http://ticketimage.interpark.com/Play/image/large/21/21013245_p.gif,매일 10:00 ~ 20:00 (입장마감 19:00) 연중무휴,,"[휠체어 이용 시, 관람 제한 사항]휠체어 이용 시, 바닥면이 거울로 되어 있는 일부 전시관(STAR, CAVE, WATERFALL) 관람이 제한됩니다.좁은 바퀴 폭으로 인한 하중 집중으로 거울 파손 및 안전사고 방지를 위함입니다.☆ 아르떼뮤지엄은 예매기한과 상관없이 계속 운영하는 전시관입니다.［업체정보］주소 : 강원 강릉시 난설헌로131 ［지번］강원도 강릉시 초당동 505-4 운영시간 10:00 - 20:00 (입장마감 19:00)대표번호 : 1899-5008휴무안내 : 연중무휴주차여부 : 가능(무료)※ 아르떼뮤지엄은 구매 1시간 이후 사용가능합니다.※ 관람후 TEA BAR 이용 고객님들께서는 19시15분까지 방문해 주세요.* 입장권 연령 기준- 성인 : 1960년 ~ 2004년생 - 청소년 : 2005년 ~ 2010년생- 어린이 : 2011년 ~ 2016년생-할인요금 적용 대상 : 유아(2020년 이후 출생),아동(2017년 ~ 2019년생), 경로(1959년 이전 출생자), 장애인, 유공자, 군인(의무복무자에 한함)*할인요금 적용대상자는 본인만 할인 요금이 적용(동반자는 할인 적용 불가/중복 할인 불가) 지참*강릉시민은 각 요금에서 50%할인(중복 할인 불가)※강릉시민 할인 및 할인요금 대상자는 현장에서 구매 가능하며,신분증/증빙서류 미지참시 혜택적용 불가,중복할인 불가※유아 및 아동은 증빙서류필수 입니다.  ",
한국만화박물관 입장권,한국만화박물관,2016.03.15,2023.06.30,"5,000원",전체관람가,http://ticketimage.interpark.com/Play/image/large/16/16003063_p.gif,"예매가능시간: 관람일 15시까지 ㅇ 관람 시간 : 10:00 ~ 18:00 ㅇ 발권 마감 : 17:00 ㅇ 휴관일 : 매주 월요일, 1월 1일, 설 연휴, 추석 연휴",,"ㅇ 해당상품은 부분취소가 불가합니다.ㅇ 온라인 예매권 구입 후 박물관 현장에서 발권 진행하며, 현장 발권 후에는 환불이 불가합니다.ㅇ 할인 및 무료 혜택 적용은 현장발권만 가능합니다.(※ 박물관 홈페이지 확인 후 증빙서류 지참 필수)　1. 무료 관람 대상 : 36개월 미만, 만65세 이상, 장애인, 생활보호대상자, 국가유공자, 의사상자, 병역명문가,　부천시 19세 이하 시민, 부천시 성인 다자녀카드 소지자, 2층 열람실 이용자 등　2. 자매도시 50% 할인 : 경기도 화성시, 강원도 강릉시, 충청북도 옥천군, 충청남도 공주시, 전라북도 무주군,　전라남도 진도군, 경상북도 봉화군(주소가 기재되어있는 신분증 지참 필수, 미성년자는 등본 지참 필수)ㅇ 가족권의 경우 성인은 최대 2명, 자녀는 19세 이하까지 구성 가능합니다.ㅇ 코로나19 확산 방지를 위한 관람객의 안전한 관람을 위하여 정상 체온 확인 후 입장 가능합니다.ㅇ 실내에서는 마스크 착용 후 다른 관람객과 거리두기를 유지해주세요.ㅇ 안전한 관람을 위하여 방역 수칙을 준수하고 직원의 안내에 협조해 주시기 바랍니다.",
［전시 연장 / 30%할인］짱구 페스티벌 ‘짱구야 캠핑가자!’ - 대구투어 전시,이월드 83타워 뮤지엄,2022.06.25,2023.04.09,"15,000원",전체관람가,http://ticketimage.interpark.com/Play/image/large/22/22007867_p.gif,- 관람시간 : 11:00 ~ 19:30 (입장 마감 오후 18:30) ※휴관일 없음,,"- 이월드 연간 회원권 할인 50% : 대인/소인 공통 7,500원
- 이월드 자유 이용권 할인 20% : 대인/소인 공통 12,000원
- 장애인 1~3급 동반1인 포함 할인 50% : 대인/소인 공통 7,500원 
- 장애인 4~6급 본인 할인 50%(복지카드 지참) : 대인/소인 공통 7,500원
- 국가 유공자 할인 50%(보훈증 지참) : 대인/소인 공통 7,500원",
국내여행 GRAND TOUR KOREA,피크닉 piknic,2022.12.01,2023.02.19,"18,000원",전체관람가,http://ticketimage.interpark.com/Play/image/large/22/22015445_p.gif,"화-일, 10-18시(입장마감 17:00) 월요일 휴관",,"판매/이용 기간 2022.12.01-2023.02.19
*10인 이상 단체 관람 문의 070 6245 6371

국내여행 GRAND TOUR KOREA
2022.10.21.-2023.2.19.
피크닉 piknic",http://ticketimage.interpark.com/Play/image/etc/22/22015445-01.jpg
［소풍］덕수궁 야경투어,덕수궁,2020.01.22,2023.12.31,"9,900원",만 8세이상,http://ticketimage.interpark.com/Play/image/large/20/20001127_p.gif,"매주［화,수,목,금］ 저녁 7시  매주［토,일,공휴일］오후4시 /저녁 6시30분  *매 회차 소요시간: 약 2시간  *월요일은 덕수궁 휴궁일입니다.",,"[공연시간 정보]매주［화,수,목,금］ 저녁 7시 매주［토,일,공휴일］오후4시 /저녁 6시30분 *매 회차 소요시간: 약 2시간 *월요일은 덕수궁 휴궁일입니다.*월요일이 공휴일인 경우 궁관람이 가능하며 다음날인 화요일이 휴궁일입니다.[예매 정보]*성인대상 해설. 만11세이상 권장*미성년자는 성인보호자가 반드시 동반예매 필수입니다.*만5세이상부터 성인과 동일한 금액입니다. (부득이한 동반시)● 매주 [화,수,목,금,토,일] 만5세이상 균일가 9900원[상품개요]바른역사 전문해설사가 동행하며 궁궐 곳곳에 얽힌 역사를 재미있는 이야기로 풀어드리는 고품격 인문학 해설투어로 최소11세이상 참여가능한 프로그램입니다.[포함사항]1. 거품없는 최저가격!!2. 바른역사해설사가 동행하는 생생한 전문해설!!!3. 최신형 무선수신기와 이어폰 무료대여 (개인 유선이어폰 3.5mm 준비권장, C타입 불가)[불포함사항]▶ 덕수궁 입장권 (천원) 미포함 해설투어상품입니다.▶ <덕수궁 입장료 안내>만24세 이하 65세이상 무료입장 (학생증,신분증 지참후 매표소에서 무료입장권 발권)만25세 이상 64세 이하 1000원 (매표소 대기없이 교통카드,신용카드 태그후 바로 입장가능)[이용안내]▶ 구매와 동시에 선택하신 날짜에 예약이 확정됩니다.▶ 투어 하루 전 오후3시전후에 등록하신 휴대폰으로 상세안내문자가 발송됩니다.▶ 투어당일 구매를 원하시는 경우 전화를 주시면 바로 예매안내 해드립니다. ▶ 상담전화 : 010-6672-3070 ▶ 준비물 : 개인이어폰(무선불가,C타입 사용불가) , 편한 신발▶ 집결장소 : 덕수궁입장권 개별 구매후 정문(대한문)입장하여 정면 금천교건너후 오른쪽.▶ 해설투어료 : 9900원 균일  (만5세부터 성인과 동일한 가격)▶ 해설대상 : 성인대상, 초등학생4학년 이상권장 (성인 동반예매 필수)▶ 해설투어 소요시간 : 약 2시간▶ 해설인원 : 최소4인부터 최대20인 (최소인원 미달시 개별연락, 전액환불)▶ 소규모 단체 단독 투어가능, 전화 문의 (010-6672-3070)▶ (창경궁, 경복궁, 돌담길 정동투어, 세종마을 서촌투어, 이화마을 낙산투어 등은 전화상담)[유의사항]▶ 미성년자만 참여불가하며 반드시 성인보호자와 함께 구매하셔야 합니다.▶ 10분전 입장을 부탁드리며 지각으로 중간합류해야 할 경우 미리 연락바랍니다.▶ 지각시 중간 합류는 가능하나 20시이후는 덕수궁 자체규정으로 입장이 불가합니다.▶ 투어 하루 전 19시부터 변경/취소/환불이 불가능하므로 신중한 구매 부탁드립니다.▶ 지각이나 사전연락 없는 불참시 변경, 취소, 환불이 불가합니다.▶ 투어 중 발생하는 모든 안전사고는 소풍의 책임이 없음을 안내해드립니다.▶ 해설녹음 및 동영상촬영 불가하며, 위반시 지식재산권(구 지적재산권)침해로 처벌대상이 될 수 있습니다.▶ 궁궐 안에서는 음식물 섭취가 불가능합니다 (음료수만 반입가능)▶ 모든 반려동물 동반입장 불가합니다.▶ 우천시에도 진행합니다.▶ 기타 문의사항과 단체문의, 당일 추가예매등 모든 문의는 010-6672-3070으로 전화주십시오.[주차, 교통안내]▶ 덕수궁 자체 주차시설이 없고 특히 주말은 매우 혼잡하오니 대중교통이용을 권장합니다.▶ 부득이한 경우 <주차앱>을 이용해 주차예약을 하고 오시면 편리합니다.▶ 대중교통 안내- 지하철 : 1호선 시청역2번출구 / 2호선 시청역12번출구- 버스 : 103, 150, 401, 402, 406, 1711, 7016, 7022, 790, 799 시청앞,덕수궁하차[업체정보]업체명 : 바른역사해설투어 [소풍]상담 문의 : 010-6672-3070카카오플러스친구 : 소풍2019",http://ticketimage.interpark.com/Play/image/etc/20/20001127-09.jpg
라이프 사진전 : 더 라스트 프린트,대전엑스포시민공원 아트센터,2022.11.25,2023.03.05,"15,000원",전체관람가,http://ticketimage.interpark.com/Play/image/large/22/22015885_p.gif,화 - 일요일 10:00 - 19:00 ( 입장 및 발권 마감 18:00 ) * 매주 월요일 휴관,,본 티켓의 사용기간은 2022년 11월 25일(금) 부터 2023년 3월 5일 (일)까지 입니다.,"http://ticketimage.interpark.com/Play/image/etc/22/22015885-01.jpg, http://ticketimage.interpark.com/Play/image/etc/22/22015885-02.jpg"
［홍대］왓츠유어컬러,아이뮤지엄 젤리스,2022.07.06,2023.02.28,"15,000원",전체관람가,http://ticketimage.interpark.com/Play/image/large/22/22008346_p.gif,공연시간 정보 text 없음,,"

Untitled Document


",
［서울 잠실］서울스카이 특별전 〈박기웅 - 48 VILLAINS〉 1월,롯데월드타워 서울스카이,2023.01.11,2023.02.05,"29,000원",전체관람가,http://ticketimage.interpark.com/Play/image/large/23/23000445_p.gif,판매기간 : 2023.01.11 ~ 2023.01.31 유효기간 : 2023.01.11 ~ 2023.02.05,,"[기본정보]판매기간 : 2023.01.11 ~ 2023.01.31유효기간 : 2023.01.11 ~ 2023.02.05[사용안내]1. 원하는 상품 구매 (당일구매/당일사용 가능)2. 구매 1시간내 LMS 메세지 수신3. 입장 게이트에서 QR코드 스캔 후 입장- ※문자 미수신 및 재발송 문의 : 1599-8370 (야놀자)- ☞문의시간 09:00~18:00[업체정보]업체명 : 서울스카이주 소 : 서울특별시 송파구 올림픽로 300전화번호 : 1661-2000운영시간 : 자세한 운영시간은 홈페이지 참고 부탁드립니다.- 서울스카이 : https://seoulsky.lotteworld.com/ko/main/index.do주차정보- 당일 방문 고객 주차 할인권 지급: 최대 4시간 4,800원(1,200원/60분 기준)- 4시간 이후 정상 주차요금 적용- 정상 주차요금(10시~20시: 10분당 500원, 그외 시간 10분당 200원)[서울스카이 이용안내]운영시간└ 정확한 운영시간은 홈페이지 참고 부탁드립니다.서울스카이 홈페이지 : https://seoulsky.lotteworld.com/ko/main/index.do- 마감시간 1시간 전까지 발권 및 입장 가능합니다.- 36개월 미만의 유아는 증빙서류 지참 시 무료입장 가능(성인1명당 1유아)- 국가유공자증/ 장애인증 제시 시: 30% 할인※ 상기 할인 사항은 증빙 서류 지참하여 현장 발권 시에만 적용 가능합니다.[유의사항]- 본 티켓으로는 서울스카이 모바일 앱 및 온라인 홈페이지에서 사전예약이 불가능하며, 현장에서만 이용가능 합니다.- 재판매로 인한 모든 법적인 문제는 해당 시설 및 판매사에서 책임지지 않습니다- 입장 마감시간을 꼭 확인해 주시기 바랍니다.[취소 및 환불규정]유효기간 내 미사용티켓 100% 환불가능유효기간 후 미사용티켓 100% 환불가능사용한 티켓은 환불 불가능합니다.[판매자 정보]업체명 : ㈜야놀자문의전화 : 1599-8370(야놀자 고객센터)상담시간 : 09:00 ~ 18:00","http://ticketimage.interpark.com/Play/image/etc/23/23000445-01.jpg, http://ticketimage.interpark.com/Play/image/etc/23/23000445-02.jpg"
［여수］아르떼뮤지엄,여수 아르떼뮤지엄,2021.10.18,2023.12.31,"17,000원",전체관람가,http://ticketimage.interpark.com/Play/image/large/21/21010347_p.gif,운영시간: 10:00 - 20:00 (입장마감 19:00),,"［업체정보］주소 : 전라남도 여수시 박람회길1 여수엑스포 국제관A동 3층 아르떼뮤지엄운영시간 10:00 - 20:00 (입장마감 19:00)대표번호 : 1899-5008휴무안내 : 연중무휴주차여부 : 3시간 무료이벤트 중, 매표에서 등록*위치 : 여수엑스포 A, B동 지하주차장※ 아르떼뮤지엄은 구매 1시간 이후 사용가능합니다.[TEA BAR 이용안내]* TEA BAR는 차와 함께 미디어아트를 체험하는 공간입니다. - TAKE OUT 불가- 찬 음료만 제공- 전시 티켓만 구매 후 TEA BAR 별도 이용 시 1잔당, 4,000원* 입장권 연령 기준- 성인 : 1960년 ~ 2004년생 - 청소년 : 2005년 ~ 2010년생- 어린이 : 2011년 ~ 2016년생- 아동 : 2017년 ~ 2019년생(현장결제, 증빙서류필수)- 유아 : 2020년 이후 출생 까지(증빙서류 필수)* 할인요금(증빙서류 필수) : 현장구매만 가능 / 8,000원- 아동 : 2017년 ~ 2019년생- 경로우대 : 1959년 이전 출생자- 장애인 : 복지카드 소지 본인- 유공자 : 녹색, 보라색 유공자증 소지 본인- 여수, 순천, 광양 시민 : 각 요금 2,000원 할인(중복 할인 불가)[안내 및 유의사항]*아르떼뮤지엄은 예매기한과 상관없이 계속 운영하는 전시관입니다.*온라인티켓은 구매 1시간 이후부터 사용 할 수 있습니다. *3시간 주차권(이벤트)은 매표소에 문의 해 주세요.*평일 낮 시간 대 단체방문이 많은 관계로 혼잡할 수 있습니다.*입장 후 환불이 불가하며, 퇴장 후 재입장이 불가능합니다.*아르떼뮤지엄 TEA BAR는 제공되는 차와 함께 미디어아트를 즐기는 체험공간입니다. 테이크아웃은 불가능하며, 오직 차가운 음료만 제공되어집니다.*코로나19 확산 방지를 위해 마스크 착용자에 한하여 입장이 가능하며, 관람 시에도 마스크를 반드시 착용하여야 합니다. *원활한 관람을 위해 현장 상황에 따라 입장 대기가 발생할 수 있습니다. *입장 후에는 환불이 불가하며, 퇴장 후 재 입장은 불가능합니다.",http://ticketimage.interpark.com/Play/image/etc/21/21010347-03.jpg
［서울］아라리오뮤지엄 인 스페이스,아라리오뮤지엄 인 스페이스,2022.05.01,2023.09.30,"15,000원",만 11세이상,http://ticketimage.interpark.com/Play/image/large/22/22005306_p.gif,예매가능시간: 관람 10분 전까지 - 운영시간 : 화~일 10:00 ~ 19:00 (18:00 입장마감) 월요일은 정규 휴관일입니다.,,"# 아라리오컬렉션 - 상설전
# 리칭 Li Qing 〈8개의방(A Suite of Eight Rooms)〉 - 2015.10.08 ~ 2022.10.09
# 엄태정 Taijung Um <은빛 날개의 꿈과 기쁨(Dream and Rejoice of Silver Wings)>- 2022. 08. 24 - 2023. 02. 26

*예매 취소 마감시간은 관람 하루 전인 평일/일요일/공휴일 오후 5시, 토요일은 오전 11시까지입니다.",
후지시로 세이지 북촌스페이스,후지시로 세이지 북촌스페이스,2022.03.04,2023.02.28,"10,000원",전체관람가,http://ticketimage.interpark.com/Play/image/large/22/22002108_p.gif,예매가능시간: 전일17시(화~토 관람 시)까지/전일 11시(일요일 관람 시)까지  휴관일 : 월요일   오픈 시간 : 10시~19시  마지막 입장 : 18시,,"-10,000원(입장권+1 Free drink)",
"내셔널지오그래픽 사진전 〈포토아크, 너의 이름은〉",북서울꿈의숲 상상톡톡미술관,2022.04.12,2023.02.26,"10,000원",전체관람가,http://ticketimage.interpark.com/Play/image/large/22/22004358_p.gif,- 전시기간: 2022.09.20 ~ 23.02.26- 운영시간 11:00~18:00 (입장마감 17:00)- 매주 월요일 휴관,,"숲속에 찾아온 세상에서 가장 희귀한 동물원- 북서울꿈의숲 나들이객이 폭증하여, 주차장 진입까지 수 시간이 소요되고 있습니다. 대중교통 이용을 부탁드립니다.","http://ticketimage.interpark.com/Play/image/etc/22/22004358-01.jpg, http://ticketimage.interpark.com/Play/image/etc/22/22004358-02.jpg"
(더빙)더 퍼스트 슬램덩크,한국만화박물관 1층 만화영화상영관,2023.01.10,2023.02.28,"10,000원",만 12세이상,http://ticketimage.interpark.com/Play/image/large/23/23000177_p.gif,예매가능시간: 관람 1시간 전까지 2023. 1. 10.(화) 15:40 2023. 1. 11.(수) 15:40 2023. 1. 12.(목) 15:40 2023. 1. 13.(금) 15:40 2023. 1. 14.(토) 15:40 2023. 1. 15.(일) 15:40,,"【만화영화상영관 이용 안내】
▶ 영화 관람 중에도 반드시 마스크를 착용하시기 바랍니다.
▶ 상영관 내 음료(물 제외) 및 음식 섭취를 금지하고 있습니다.
▶ 지정 좌석에 착석해주시기 바랍니다.

【만화영화상영관 티켓 발권 및 수령 안내】
▶ 예매 : 인터파크 티켓(검색창 ＇한국만화박물관＇으로 검색)
▶ 발권 : 한국만화박물관 현장 발권 및 예매 발권
▶ 36개월 미만 무료(※ 증빙서류 필수 지참)
    단, 보호자와 같은 좌석에 동석해야 합니다.
    현장에서 증빙 서류 확인 후 입장 가능.
    별도 좌석이 필요할 경우 추가 발권 해야 합니다.
▶ 우대 티켓 수령 시 당사자에 해당되는 증빙 서류를 제시해야 합니다.
    (증빙 서류 확인 불가 시 현장에서 재결제)
▶ 모든 티켓은 실 관람자 기준으로 적용됩니다.
▶ 지역화폐(부천페이) 사용 불가",http://ticketimage.interpark.com/Play/image/etc/23/23000177-01.jpg
＇(더빙)장화신은 고양이: 끝내주는 모험 ＇,한국만화박물관 1층 만화영화상영관,2023.01.04,2023.02.28,"10,000원",전체관람가,http://ticketimage.interpark.com/Play/image/large/22/22018000_p.gif,예매가능시간: 관람 1시간 전까지 2023. 1. 11.(수) 13:40 2023. 1. 12.(목) 11:00 2023. 1. 13.(금) 13:40 2023. 1. 14.(토) 13:40 2023. 1. 15.(일) 11:00 2023. 1. 17.(화) 11:00 2023. 1. 19.(목) 15:40 2023. 1. 20.(금) 11:00 2023. 1. 26.(목) 11:00 2023. 1. 28.(토) 11:00,,"【만화영화상영관 이용 안내】
▶ 영화 관람 중에도 반드시 마스크를 착용하시기 바랍니다.
▶ 상영관 내 음료(물 제외) 및 음식 섭취를 금지하고 있습니다.
▶ 지정 좌석에 착석해주시기 바랍니다.

【만화영화상영관 티켓 발권 및 수령 안내】
▶ 예매 : 인터파크 티켓(검색창 ＇한국만화박물관＇으로 검색)
▶ 발권 : 한국만화박물관 현장 발권 및 예매 발권
▶ 36개월 미만 무료(※ 증빙서류 필수 지참)
    단, 보호자와 같은 좌석에 동석해야 합니다.
    현장에서 증빙 서류 확인 후 입장 가능.
    별도 좌석이 필요할 경우 추가 발권 해야 합니다.
▶ 우대 티켓 수령 시 당사자에 해당되는 증빙 서류를 제시해야 합니다.
    (증빙 서류 확인 불가 시 현장에서 재결제)
▶ 모든 티켓은 실 관람자 기준으로 적용됩니다.
▶ 지역화폐(부천페이) 사용 불가",http://ticketimage.interpark.com/Play/image/etc/22/22018000-01.jpg
(자막) 원피스 필름 레드,한국만화박물관 1층 만화영화상영관,2022.11.30,2023.02.28,"10,000원",만 12세이상,http://ticketimage.interpark.com/Play/image/large/22/22015532_p.gif,예매가능시간: 관람 1시간 전까지 2023. 1. 3.(화) 15:40 2023. 1. 4.(수) 15:40 2023. 1. 5.(목) 15:40 2023. 1. 6.(금) 15:40 2023. 1. 7.(토) 13:40 2023. 1. 8.(일) 15:40 2023. 1. 11.(수) 11:00 2023. 1. 12.(목) 13:40 2023. 1. 13.(금) 11:00 2023. 1. 15.(일) 13:40 2023. 1. 17.(화) 13:40 2023. 1. 20.(금) 13:40 2023. 1. 25.(수) 13:40 2023. 1. 26.(목) 15:40 2023. 1. 28.(토) 15:40 2023. 1. 29.(일) 13:40,,"【만화영화상영관 이용 안내】
▶ 영화 관람 중에도 반드시 마스크를 착용하시기 바랍니다.
▶ 상영관 내 음료(물 제외) 및 음식 섭취를 금지하고 있습니다.
▶ 지정 좌석에 착석해주시기 바랍니다.

【만화영화상영관 티켓 발권 및 수령 안내】
▶ 예매 : 인터파크 티켓(검색창 ＇한국만화박물관＇으로 검색)
▶ 발권 : 한국만화박물관 현장 발권 및 예매 발권
▶ 36개월 미만 무료(※ 증빙서류 필수 지참)
    단, 보호자와 같은 좌석에 동석해야 합니다.
    현장에서 증빙 서류 확인 후 입장 가능.
    별도 좌석이 필요할 경우 추가 발권 해야 합니다.
▶ 우대 티켓 수령 시 당사자에 해당되는 증빙 서류를 제시해야 합니다.
    (증빙 서류 확인 불가 시 현장에서 재결제)
▶ 모든 티켓은 실 관람자 기준으로 적용됩니다.
▶ 지역화폐(부천페이) 사용 불가",http://ticketimage.interpark.com/Play/image/etc/22/22015532-01.jpg
(자막)더 퍼스트 슬램덩크,한국만화박물관 1층 만화영화상영관,2023.01.17,2023.02.28,"10,000원",만 12세이상,http://ticketimage.interpark.com/Play/image/large/23/23000540_p.gif,예매가능시간: 관람 1시간 전까지 2023. 1. 20.(금) 15:40 2023. 1. 29.(일) 15:40,,"【만화영화상영관 이용 안내】
▶ 영화 관람 중에도 반드시 마스크를 착용하시기 바랍니다.
▶ 상영관 내 음료(물 제외) 및 음식 섭취를 금지하고 있습니다.
▶ 지정 좌석에 착석해주시기 바랍니다.

【만화영화상영관 티켓 발권 및 수령 안내】
▶ 예매 : 인터파크 티켓(검색창 ＇한국만화박물관＇으로 검색)
▶ 발권 : 한국만화박물관 현장 발권 및 예매 발권
▶ 36개월 미만 무료(※ 증빙서류 필수 지참)
    단, 보호자와 같은 좌석에 동석해야 합니다.
    현장에서 증빙 서류 확인 후 입장 가능.
    별도 좌석이 필요할 경우 추가 발권 해야 합니다.
▶ 우대 티켓 수령 시 당사자에 해당되는 증빙 서류를 제시해야 합니다.
    (증빙 서류 확인 불가 시 현장에서 재결제)
▶ 모든 티켓은 실 관람자 기준으로 적용됩니다.
▶ 지역화폐(부천페이) 사용 불가",http://ticketimage.interpark.com/Play/image/etc/23/23000540-01.jpg
［강원］강릉 참소리축음기＆에디슨과학박물관,참소리축음기＆에디슨과학박물관,2021.04.20,2023.12.31,"6,000원",전체관람가,http://ticketimage.interpark.com/Play/image/large/21/21003218_p.gif,공연시간 정보 text 없음,,"

Untitled Document

",
［강원］역사와 문화가 가득한 강원종합박물관 입장권(당일구매당일사용 X),강원종합박물관,2023.01.04,2023.01.31,"9,000원",전체관람가,http://ticketimage.interpark.com/Play/image/large/23/23000077_p.gif,판매기간: 2023.01.01~2023.01.31 유효기간: ~2023.01.31,http://ticketimage.interpark.com/230000772023/01/13/99d1e020.jpg,"[기본정보]판매기간: 2023.01.01~2023.01.31유효기간: ~2023.01.31[이용방법 안내]1. 최소 이용 1일 전 구매(당일구매/당일사용 불가)2. 예약일 (이용일) 현장방문, 고객 성함 및 휴대폰 번호 뒷 4자리 확인 후 이용[업체정보]업체명 : [강원] 역사와 문화의 향기가 가득한 강원종합박물관 입장권업체주소 : 강원도 삼척시 신기면 강원남부로 3016업체번호 : 033-541-1523운영시간 : 입장 - 08:00~17:00 / 관람 - 08:00~18:00 (12월부터 02월까지)(03월부터 입장, 관람 마감시간 1시간 연장됨)매표마감 : 17:00휴 무 : 연중무휴최소이용가능나이 : 없음무료입장 기준 : 취학전 유아 무료주차여부 : 무료주차 가능[유의사항]박물관 전체(내·외부)가 금연구역입니다.음주자는 입장이 불가합니다.야외에서는 사진촬영이 가능하며, 실내전시실에서는 삼가하여 주시기 바랍니다.관람 시 타인에게 방해되지 않도록 정숙과 질서유지를 바랍니다.관람 시 음식물을 드시면 안 됩니다.애완동물은 캐리어(이동가방) 없이는 입장할 수 없습니다.[취소/환불 규정]*유효기간 내 미사용티켓 100% 환불가능*사용한 티켓은 환불 불가능합니다.*부분취소/부분환불 불가능합니다.[판매자 정보]업체명 : (주)야놀자문의전화 : 1599-8370(야놀자 고객센터)상담시간 : 09:00 ~ 18:00 (연중무휴)",http://ticketimage.interpark.com/Play/image/etc/23/23000077-02.jpg
［경기 동탄］디자인 가구 컬렉션 “어반베이스전(展)＂,어반베이스전,2022.12.16,2023.06.04,"15,000원",전체관람가,http://ticketimage.interpark.com/Play/image/large/22/22017419_p.gif,판매기간 : 2022.12.16 ~ 2023.06.04 17:00 유효기간 : 2022.12.16 ~ 2023.06.04,,"[이용방법]1. 최소 이용 1시간전 구매 (당일구매/당일사용 가능)2. 현장방문, 고객 성함 및 휴대폰번호 뒷4자리 확인 후 이용[업체정보]- 전시기간 : 2022년 12월 16일(금) ~ 상설전시(2023년 6월 예정)- 전시장소 : 경기 용인시 처인구 남사읍 봉무로153번길 79 한화리조트 용인 베잔송 B1 어반베이스 전시장- 운영시간 : 오전 11시 ~ 오후 8시- 입장마감 : 오후 7시- 휴관일 없음- 주차정보 : 관람객에 한해 무료- 홈페이지 : http://www.urbanbase.co.kr[유의사항]- 모든 티켓은 공지된 사용 기간 내 미사용시 교환 및 환불이 불가합니다. (~ 2023.06.04 이후 교환 및 환불 불가)[취소/환불규정]- 미사용티켓은 취소가능기한 (~2023년 6월 4일 ) 까지만 환불 가능- 유효기간 이후 환불 불가- 사용한 티켓은 환불이 불가합니다.[판매자정보]업체명 : ㈜야놀자문의전화 : 1599-8370(야놀자 고객센터)상담시간 : 09:00 ~ 18:00 (연중무휴)",http://ticketimage.interpark.com/Play/image/etc/22/22017419-01.jpg
"［경기 파주］프랑스 자연사박물관 특별전 〈바다, 미지로의 탐험2〉",헤이리스 갤러리,2022.09.27,2023.08.15,"10,000원",전체관람가,http://ticketimage.interpark.com/Play/image/large/22/22012767_p.gif,판매기간 : ~2023.8.15 유효기간 : ~2023.8.15,http://ticketimage.interpark.com/220127672023/01/18/2561e348.jpg,"[기본정보]판매기간 : ~2023.8.15유효기간 : ~2023.8.15[이용방법]1. 최소 이용 1시간 전 구매(당일구매/당일사용 가능)2. 현장방문, 고객 성함 및 휴대폰번호 확인 후 이용[업체정보]업체명 : 프랑스 자연사박물관 특별전 <바다, 미지로의 탐험2>업체주소 : 경기 파주시 탄현면 헤이리마을길 7, 헤이리스 갤러리업체번호 : 070-8800-6335/ 070-4136-4300이용시간 : 오전 10시 ~ 오후 6시 매표마감 : 오후 5시휴무 : 매주 월요일 (휴관일 변경 시 공식 인스타그램에서 별도 공지 예정)주차여부 : 무료(헤이리스 갤러리 건물 옆/ 맞은편 야외 주차장 이용)[이용안내][전시소개]- 세계 3대 자연사박물관 중 한 곳이자, 세계에서 가장 오랜 역사를 지닌 프랑스 국립 자연사박물관의 기획으로 2019년 7월~2020년 1월까지 프랑스 파리에서 개최되어 33만 명의 관람객을 기록한 오리지널 전시의 한국어 버전.- 2021년 9월 25일~2022년 3월 6일까지 북서울꿈의숲 상상톡톡미술관에서 1차 개최 이후 2022년 7월 30일~2023년 8월 15일까지 파주 헤이리스갤러리에서 2차로 개최중- 바닷속 심해의 생태계/해양생물의 특징을 완벽한 프랑스 스타일의 과학교육 방법으로 전달하는 에듀테인먼트 전시  - 1차 전시와 완전히 다르게 구성된 공간 / 강화된 교육 프로그램으로 오픈 초기 네이버 평점 기준 4.73/5 로 호평 중입니다.* 살아있는 바다생물을 직접 관찰하는 아쿠아리움 전시가 아닙니다. (표본/멀티미디어체험/미디어아트/실사영상 및 자료로 학습하는 체험전시)[유의사항]- 6세 이상 초등생이면 충분히 이해 가능 (에듀케이터 곳곳에서 설명)  어린 연령일수록 부모님이 함께 참여해 주셔야 학습효과가 좋습니다. (부모님께도 좋은 내용)- A4 규격 4페이지 분량의 무료 체험지가 제공됩니다. (필기구 지참)- 전 관람객 마스크 착용 의무화- 마스크 미착용시 입장이 제한될 수 있습니다.- 전시장 내 엘리베이터가 없는 2층 구조입니다. 유모차/휠체어 이동이 어려우니 양해 바랍니다.- 전시장 내 식음료 반입이 불가합니다.- 재입장 불가합니다.[기타 안내]- 주차 : 헤이리스갤러리 옆/맞은편 야외 공용주차장 (무료 / 주말 및 공휴일은 헤이리마을 방문객이 많아 주차에 어려움이 있을 수 있습니다.)- 유모차/휠체어 : 전시장 내 엘리베이터 없는 계단 1~2층 관람으로 유모차/휠체어 입장이 어려울 수 있습니다.- 부모님 대기장소가 따로 마련되어 있지 않습니다.- 아이를 맡기고 케어해드리는 키즈카페식 운영이 아닌 자유관람 전시입니다. 가능한 부모님 동반 입장을 권합니다. - 필기구를 꼭 지참해 주세요.[환불 및 교환 정책]- 예약 후 전시 기간 중에 사용하지 못한 티켓은 100% 환불- 티켓 성격상 별도의 교환 정책은 없습니다.[환불 및 취소 규정]* 전시기간 내 미사용 티켓 100% 환불가능* 전시기간 종료 후 티켓 환불 불가* 사용한 티켓 환불 불가* 중복 할인 적용 불가* 티켓 성격상 별도의 교환 정책은 없습니다.[판매자 정보]업체명 : (주)야놀자문의전화 : 1599-8370 (고객센터)상담시간 :09:00 ~ 18:00 (연중무휴)",http://ticketimage.interpark.com/Play/image/etc/22/22012767-01.jpg
［고양］매직플로우 원더래빗 (~1/31),원더래빗 고양점,2023.01.01,2023.01.31,가격 정보 없음,전체관람가,http://ticketimage.interpark.com/Play/image/large/23/23000029_p.gif,판매기간 : ~2023.1.31 유효기간 : 2023.01.01 ~ 2023.01.31,,"[이용안내]
1. 상품 구매(당일구매/당일사용가능)
2. 30분내 MMS 수신
3. 현장방문 후 구매 정보 확인 후 입장
4. 음료포함PKG의 경우 현장에서 음료교환권 수령 후 이용 가능 합니다. 


[업체정보]
* 업체정보 : 매직플로우 원더래빗
* 업체주소 : 경기 고양시 덕양구 고양대로 1955 3층 매직플로우
* 업체번호 : 031-5173-3457
* 영업시간 : 10:00 ~ 22:00


<연령기준>
- 대인 : 중학생 이상
- 소인 : 36개월 ~ 초등학생(증빙서류 지참)
* 무료입장나이 : 36개월 미만 영유아(증빙서류 지참)
* 주    차 : 무료 가능


[취소/환불 규정]
*유효기간 내 100% 환불가능
*유효기간 후 미사용티켓 100% 환불가능
*부분환불/부분사용 가능합니다. 
*사용한 티켓은 환불 불가능합니다.


■판매자정보■
업체명 : ㈜야놀자
문의전화 : 1599-8370
상담시간 : 09:00 ~ 18:00",http://ticketimage.interpark.com/Play/image/etc/23/23000029-01.jpg
［기흥］다이노베이 DINO BAY,다이노베이,2022.11.25,2023.09.24,"18,000원",전체관람가,http://ticketimage.interpark.com/Play/image/large/22/22016664_p.gif,* 판매기간 : ~ 2023.09.24 * 유효기간 : ~ 2023.09.24 (지정 일시에 이용)   - 일자별 회차 10:30 / 12:30 / 14:30 / 16:30,http://ticketimage.interpark.com/220166642023/01/10/4d1a249a.jpg,"* 다이노베이 재관람 시 3,000원 할인 !! (현장 결제 권종)- 유의 사항 : 현장 방문 후 매표소에서 이전 관람 실물 티켓 또는 이전 예매 내역 확인 후 할인 진행＆nbsp;                    상시 할인 가격에서 적용되는 권종이므로 특가 상품에는 따로 적용되지 않는 점 참고 부탁 드립니다.［기본정보］* 판매기간 : ~ 2023.09.24* 유효기간 : ~ 2023.09.24 (지정 일시에 이용)- 일자별 회차 10:30 / 12:30 / 14:30 / 16:30[이용방법]1. 최소 이용 1시간 전 구매 (당일구매/당일사용 가능)2. 현장방문, 고객 성함 및 휴대폰번호 뒷4자리 확인 후 이용[티켓구매 유의사항]- 평일권: 평일권 구매 시 평일 중 사용가능 (화~금요일 / 매주 월요일 휴관)- 주말권: 주말권 구매 시 주말 중 사용가능 [전시시간 정보]- 전시 기간 : 2022년 09월 30일(금) ~ 2023년 09월 24일(일)- 운영 시간 : 10:30~19:00 (입장마감 18:00) - 2시간 기준 초과 시 시간당 비용 추가(30분당 3,000원, 주말 및 공휴일 소인 기준)- 휴관일 : 매주 월요일 휴관[주차요금 안내]- 무료 (B3~1F 주차장)[단체문의]- 1533-6675기타 유의사항은 상세페이지를 반드시 확인해주시기 바랍니다.[관람객 유의사항 안내]-하기 전시회 관람객 유의사항에 따라 전시 주최자가 전시장 퇴장을 요청 드릴 수 있습니다. *유의사항 1) 과도한 시용/시식으로 타인에게 불쾌감을 주거나, 전시회 운영에 지장을 주는 행위2) 행사장에 타인의 출입수단으로 출입하는 행위3) 구걸, 절도, 과도한 판촉을 요구 및 수집하는 행위 4) 행사 주최 측의 사전 허가를 받지 아니한 홍보 행위 등[취소/환불규정]* 유효기간 내 미사용티켓 100% 환불가능* 유효기간 후 환불 불가* 사용한 티켓은 환불 불가능합니다.[판매자정보]업체명 : ㈜야놀자문의전화 : 1599-8370(야놀자 고객센터)상담시간 : 09:00 ~ 18:00 (연중무휴)",http://ticketimage.interpark.com/Play/image/etc/22/22016664-01.jpg
［당진］월드아트 서커스,월드아트 서커스,2022.10.27,2023.12.31,"20,000원",전체관람가,http://ticketimage.interpark.com/Play/image/large/22/22014873_p.gif,판매기간: ~2023.12.31 유효기간: ~2023.12.31,,"[기본정보]
판매기간: ~2023.12.31
유효기간: ~2023.12.31

[이용방법 안내]
1. 최소 이용 1시간 전 구매
(당일구매/당일사용 가능)
2. 현장방문, 고객 성함 및 휴대폰번호 뒷4자리 확인 후 이용
(별도 문자 발송은 되지 않습니다)

[업체정보]
업체명 : [당진] 월드아트 서커스
업체주소 : 충청남도 당진시 신평면 운정리 165-5
업체번호 : 041-362-0000
공연시간 : 주중 14시 / 주말 11시, 14시, 16시
휴무 : 휴무 없음 (현장 문의)
최소이용가능나이 : 없음
연령기준
소인 : 36개월 ~ 만 13세
대인 : 만 13세 이상

[유의 사항 안내]
천막 일부를 열어 통풍된 상태로 진행하는 공연으로 소독과 방역을 철저하게 준수하고 있습니다.
*관람 시 마스크를 꼭 지참해주시길 바랍니다.
하우스매니저 안내에 따라 중간입장 가능합니다.
음식물 반입 금지입니다. 
공연 중 사진 및 비디오 촬영 불가능합니다.
애완동물과 함께 입장하실 수 없습니다.
공연시작 30분 전부터 입장가능합니다.

[취소/환불 규정]
유효기간 내 미사용티켓 100% 환불가능
유효기간 후 환불불가
사용한 티켓은 환불 불가능합니다.

[판매자정보]
업체명 : (주)야놀자
문의전화 : 1599-8370 (고객센터)
상담시간 : 09:00 ~ 18:00 (연중무휴)",http://ticketimage.interpark.com/Play/image/etc/22/22014873-01.jpg
［대구］라이크디즈위드 김광석거리점 (진현수 개인전 : 자고 있는 아이),라이크디즈위드 김광석거리점,2023.01.04,2023.02.07,가격 정보 없음,전체관람가,http://ticketimage.interpark.com/Play/image/large/23/23000032_p.gif,판매기간 : ~2023.2.7 유효기간 : 2022.12.29~2023.2.7 ★ 휴관 : 설 명절 2023.1/21~24 ★,,"[기본정보]
판매기간 : ~2023.2.7
유효기간 : 2022.12.29~2023.2.7
★ 휴관 : 설 명절 2023.1/21~24 ★

[이용방법]
1. 최소 이용 1시간 전 구매
(당일구매/당일사용 가능)
2. 라이크디즈위드 입장하기.
★ 위드PASS권 티켓은 2개의 지점 중 1개의 지점 및 카페만 이용하셔도 환불 불가합니다.
3. 카운터에 예매하신 성함 또는 핸드폰번호 뒷자리를 말씀하신 후, 직원의 안내에 따라 이용하실 수 있습니다.

[업체정보]
업체명 : 라이크디즈위드 김광석거리점
업체주소 : 대구광역시 중구 대봉동 36-3 1,2층
업체번호 : 053-201-1404
이용시간 : 11:00~20:00 (19:30 입장 및 예약마감)
업체휴무 : 전시교체일, 설과 추석 명절
★ 휴관 : 설 명절 2023.1/21~24 ★
주차여부 : 불가

[이용안내]
[전시개요]
진현수 개인전 <자고 있는 아이>
■ 전시 기간 : 2022.12.29-2023.2.7
■ 운영 시간 : 매일 11:00-20:00 (입장마감:19:30)
■ 전시 장소 : 라이크디즈위드 김광석거리점
■ 관람 시간 : 11:00~20:00 (19:30 입장 및 예약마감)

[티켓 종류]
옵션1. 위드PASS
진현수 개인전 관람(김광석거리점)+교동점 전시관람+유명 카페 음료교환권

[포함 내용]
(진현수 개인전 관람+진현수 컬러링엽서1매+엽서1매)+(교동점 전시관람+엽서1매)+유명카페 음료교환권

▶ 라이크디즈위드 김광석거리점 전시 일정
- 진현수 개인전 〈자고 있는 아이〉: 2022.12.29(목) ? 2023.2.7(화) 

▶ 교동점 전시 일정 
- 지농 개인전 〈화려한 색채의 향연〉: 2022.12.8(목) ? 2023.1.10(화)
- 나승준 개인전 〈null〉: 2023.1.12(목) ~ 2023.2.21(화)

옵션2. 컬러링엽서 통합권
[ 포함 내용 ]
진현수 개인전 관람+진현수 컬러링엽서1매+엽서1매+유명카페 음료교환권

옵션3. 컬러링엽서 관람권
포함 내용
진현수 개인전 관람+진현수 컬러링엽서1매+엽서1매

※ 초중고 및 단체 관람객은 지점에 문의해주시면 단체 할인 혜택을 받으실 수 있습니다.

[위드PASS 사용 시 유의 사항]
위드PASS권은 해당 전시기간 내 사용 가능합니다.
지점별로 1회 방문이 가능합니다.
1개 지점 이상 방문하신 위드PASS 권은 부분 취소 및 환불이 되지 않습니다.
위드PASS는 본인에 한하여 사용 가능합니다.
함께 제공되는 제휴카페 음료교환권의 사용기한도 위드PASS와 동일합니다.
첫 방문 지점에서 발급해드리는 위드PASS와 유명카페 음료교환권은 분실 시 재발급해드리지 않습니다.

[유명카페 음료교환권 이용 안내]
본 교환권은 라이크디즈위드 통합권 및 위드패스 관람객에게 제공됩니다.
본 교환권은 라이크디즈위드와 제휴를 맺은 카페에서만 사용 가능합니다. 주문 전에 본 교환권을 제시해주세요.
본 교환권은 제조 음료 메뉴에 한하며 아이스 아메리카노 가격 기준입니다. 
차액 지불 시 다른 음료로 변경 가능하며 변경 음료가 기준 금액 미만일 경우 차액은 환불되지 않습니다.
본 교환권은 1인 1매 사용 가능하며 타인의 교환권과 금액 합산 불가합니다.
본 교환권은 분실 및 도난 시 재발행 되지 않습니다.

▶ Enjoy Art and Coffee with ONE TICKET
라이크디즈위드에서 전시 관람 하고 커피는 핫플에서 즐기세요.

▶ 유명카페 음료교환권이란? 
대구 중구의 핫플 카페에서 음료를 즐길 수 있는 교환권입니다.

※ 제휴 카페 리스트는 콘텐츠 하단에서 확인할 수 있습니다.

* 티켓과 같이 전달 드리는 엽서는 원하시는 작품으로 선택 가능 하나, 인기엽서는 조기 품절될수 있습니다.

- 취학 아동부터 관람권 또는 통합권 구매 후 입장 가능합니다.
- 주차 불가 하오니 근처 공영주차장 이용을 부탁드립니다. (주차비 지원 불가)
- 현장에서 예매자 확인이 완료된 후에는 [관람권]이나 [통합권]으로 변경이 불가하오니, 예매 변경을 원하시는 분은 유선 또는 방문 즉시 직원에게 취소 요청 후, 안내에 따라 재예매 해주시기 바랍니다.

[티켓 수령]
- 이 상품은 별도 배송이 되지 않습니다.
- 현장 매표소에서 구매내역 및 본인 확인 후 티켓을 수령하실 수 있습니다.

[취소/환불규정]
유효기간 내 미사용티켓 100% 환불가능
사용한 티켓은 환불 불가능합니다.
★ 위드PASS권 티켓은 2개의 지점 중 1개의 지점 및 카페만 이용하셔도 환불 불가합니다.

[판매자정보]
업체명 : (주)야놀자
문의전화 : 1599-8370(야놀자 고객센터)
상담시간 : 09:00 ~ 18:00 (연중무휴)","http://ticketimage.interpark.com/Play/image/etc/23/23000032-01.jpg, http://ticketimage.interpark.com/Play/image/etc/23/23000032-02.jpg"
［대전］신세계 넥스페리움,신세계 넥스페리움,2022.09.16,2023.12.31,가격 정보 없음,만 5세이상,http://ticketimage.interpark.com/Play/image/large/22/22012142_p.gif,판매기간: ~2023.12.31 유효기간: ~2023.12.31,,"[기본정보]판매기간: ~2023.12.31유효기간: ~2023.12.31[이용방법]1. 원하는 티켓 구매2. 현장방문 후 모바일 입장권(QR코드)을 제시3. 모바일 입장권(QR코드) 확인 후 이용[업체정보]업체명 : 신세계 넥스페리움업체주소 : 대전 유성구 엑스포로 1업체번호 : 042-607-1620운영시간 : 10:30~19:30 (점심 브레이크 타임 12:30~13:30)휴무 : 백화점 휴무와 동일입장 가능시간은 영업마감 시간 2시간 전까지 입니다.운영시간은 현장 상황에 따라 변동될 수 있습니다.주차여부 : 3시간 무료[이용안내]-사이언스 뮤지엄 입구에서 하단의 모바일 입장권(QR코드)을 제시해 주시가 바랍니다.-입장 확인 완료 후에는 교환, 환불 불가합니다.-무료주차 적용(3시간)은 현장 티켓데스크에 문의해주세요. [유의사항]-5세 미만 유아는 입장이 불가합니다.(보호자 동반시에도 불가)-5세 이상 ~ 10세 이하 아동은 안전을 위해 보호자(성인)가 함께 입장 및 동행해 주시기 바랍니다.-현장상황에 따라 운영시간 변동 및 입장이 제한될 수 있습니다.[취소/환불규정]*유효기간 내 미사용티켓 100% 환불가능*사용한 티켓은 환불 불가능합니다.*부분취소/부분환불 불가능합니다.",http://ticketimage.interpark.com/Play/image/etc/22/22012142-01.jpg
"［동탄］2023년 3,4월-어둠속의대화(DIALOGUE IN THE DARK)",동탄 어둠속의대화,2021.08.20,오픈런,"33,000원",만 8세이상,http://ticketimage.interpark.com/Play/image/large/22/22012936_p.gif,예매가능시간: 관람 5분 전까지 * 오픈일　ㆍ수-일요일: 10:00-19:00 (입장시간 기준)ㆍ공휴일- 3월 1일(수) 삼일절 10:00-19:00 (입장시간 기준)* 휴관일ㆍ월·화요일 * 소요시간: 100분(1시간 40분)* 관람인원: 1회차 1명-8명* 대표번호: 1877-6145,,"* 중도입장불가　예매한 시간 15분 전까지 도착해주시기 바랍니다. * 사전 예매 및 문의 대상　ㆍ단체 20인 이상　ㆍ스페셜 이벤트, 워크샵 투어　ㆍ장애인, 임산부, 노약자, 외국인* 관람연령안내　입장 가능 연령은 8세이상 70세이하입니다.　만14세 미만 청소년은 법정 대리인 동의서가 필수입니다.　(페이지 하단부 개인정보 처리 방침 동의서를 확인 바랍니다.)",http://ticketimage.interpark.com/Play/image/etc/22/22012936-01.jpg
［부산］부산영화체험박물관/트릭아이뮤지엄 통합 입장권,부산영화체험박물관,2022.05.13,2023.03.31,"4,900원",36개월이상 관람가능,http://ticketimage.interpark.com/Play/image/large/22/22006050_p.gif,· 운영시간 : 10:00 ~ 18:00 (입장마감 17:00) ［매주 월요일 휴관］,,"영화체험박물관 통합권 패키지
(+트릭아이뮤지엄 입장권 포함)
- 대인권(영화체험박물관+트릭아이 뮤지엄)
- 청소년/소인권(영화체험박물관+트릭아이 뮤지엄)
- 청소년/소인 : 36개월 이상 ~고등학생
- 36개월 미만 증빙서류 지참 시 무료입장
- 주중/주말 공통권

· 주차여부 : 주차 1시간 무료(이후 10분당 250원)

［유의사항］
- 본 티켓은 입장시 우선혜택은 없습니다.
- 입장인원 초과시 입장이 제한될 수 있습니다.
- 부분사용 및 부분취소 불가합니다.","http://ticketimage.interpark.com/Play/image/etc/22/22006050-01.jpg, http://ticketimage.interpark.com/Play/image/etc/22/22006050-02.jpg, http://ticketimage.interpark.com/Play/image/etc/22/22006050-03.jpg"
［서울 강남］컬렉터의 외도: 감춰진 폴더_023,㈜북과바디,2022.12.30,2023.02.19,"3,000원",전체관람가,http://ticketimage.interpark.com/Play/image/large/22/22017846_p.gif,"판매기간 : ~ 2023.2.19유효기간 : 2022.12.30 ~ 2023.2.19※ 휴무일 확인 필수 (매주 월요일, 1월 1일, 1월 21-23일)",,"[기본정보]판매기간 : ~ 2023.2.19유효기간 : 2022.12.30 ~ 2023.2.19※ 휴무일 확인 필수 (매주 월요일, 1월 1일, 1월 21-23일)[이용방법]1. 최소 이용 1시간 전 구매(당일구매/당일사용 가능)2. 현장방문, 고객 성함 및 휴대폰번호 확인 후 이용[업체정보]업체명 : ㈜북과바디업체주소 : 서울 강남구 선릉로 133길 4 아이큐박스빌딩 지하1층업체번호 : 070-8028-4236이용시간 : 오전11시 - 오후 7시휴 무 : 매주 월요일, 1월 1일, 1월 21-23일주차여부 : 주차 불가[이용안내]평일&주말, 오전11시~19시 (월요일 휴무)1월 1일, 1월 21~23일(설연휴) 휴무주차는 불가하오니 가급적 대중교통을 이용해 주세요.[취소/환불규정]*유효기간 내 미사용티켓 100% 환불가능 *사용한 티켓은 환불 불가능합니다.[판매자정보]업체명 : (주)야놀자문의전화 : 1599-8370(야놀자 고객센터)상담시간 : 09:00 ~ 18:00 (연중무휴)","http://ticketimage.interpark.com/Play/image/etc/22/22017846-01.jpg, http://ticketimage.interpark.com/Play/image/etc/22/22017846-02.jpg"
［서울/부산］키자니아 서울/부산 이용권 1월,키자니아 서울/부산,2023.01.05,2023.01.31,가격 정보 없음,전체관람가,http://ticketimage.interpark.com/Play/image/large/23/23000053_p.gif,판매기간 : 2023.01.01 ~ 2023.01.31 유효기간 : 2023.01.01 ~ 2023.01.31,,"[기본정보]판매기간 : 2023.01.01 ~ 2023.01.31유효기간 : 2023.01.01 ~ 2023.01.31[티켓사용방법]* ※ 티켓구매 후, 키자니아 홈페이지 가입하시어 이용권 예약을 하셔야 입장하실 수 있습니다. ※*https://www.kidzania.co.kr/intro* 1. 키자니아 홈페이지 및 APP 접속* 2. 구매 이용권 등록 후 희망 방문일자 사전예약 필수* 3. 매진 시 당일 현장 입장이 불가하오니 반드시 사전예약 후 이용하시기 바랍니다.* 4. 구매당일 사용가능(단, 현장매진 시 이용불가하며 사전예약 필수)* ※ 권종별 이용 가능 시간이 상이하므로, 구매 전 시간표 참고 부탁드리겠습니다.[유의사항] * 키자니아는 사전예약 필수 상품이므로, 이용 전 이용일 예약 후 이용바랍니다.* 예약 후 키자니아 고객센터로 예약취소를 하지 않을 경우, 사용된 티켓으로 간주되어 취소 불가합니다.- (취소하실 경우 반드시 예약 취소 후 취소 접수 요청바랍니다.)* 결제 후 입력하신 휴대폰 번호로 이용권 번호가 전송됩니다.- (전송 받으신 번호로 키자니아 예약 후 사용하시기 바랍니다.)* 키자니아는 선착순 예매입니다.- (예매 없이 방문한 당일 사전에 매진될 수 있으니 반드시 사전 예약 부탁드리겠습니다)* 키자니아 사전 예약은 키자니아 홈페이지(https://www.kidzania.co.kr/intro)를 통해 가능합니다.* 본 티켓은 반일권 기준이며 지점 및 시간별 교차 사용이 불가하므로 지점과 이용 시간을 잘 구분하여 구매 바랍니다.* 어린이 이용 가능 연령은 36개월 이상 ~ 16세까지이며, 10세 미만 어린이 단독 입장은 불가합니다.* 주차장 이용 시 키자니에 안내데스크에서 보딩패스로 무료 주차를 확인 받으실 수 있습니다.[업체정보]* 서울점- 업체정보 : 키자니아 서울점- 업체주소 : 서울특별시 송파구 올림픽로 240, 잠실 키자니아- 휴 무 : 휴무없음- 주 차 : 롯데월드 주차장 이용 시 키자니아 안내데스크에서 차량번호 확인하면 3시간 무료 주차 가능,추가 3시간 구매 시 평일 3,000원 / 주말 및 공휴일 11,200원에 구매 가능* 부산점- 업체정보 : 키자니아 부산점- 업체주소 : 부산시 해운대구 센텀4로 15(우동) 센텀시티몰 부산 키자니아- 휴 무 : 휴무없음- 주 차 : 키자니아 안내데스크에서 보딩패스로 무료 주차 확인 가능 [취소/환불규정]* 유효기간 내에 취소 시 전액 환불 가능합니다. (단,사용 전 티켓에 한함)* 단, 키자니아 홈페이지에 이용권을 등록/예약하였거나 이미 사용하신 티켓은 환불이 불가합니다.* 환불 희망 시, 반드시 키자니아 홈페이지에서 등록하신 이용권을 삭제 후 구매 사이트에서 취소(환불)신청 하셔야 합니다.* 환불 접수 후 처리는 2~3일 정도 소요됩니다. [판매자정보]업체명 : ㈜야놀자문의전화 : 1599-8370(야놀자 고객센터)상담시간 : 09:00 ~ 18:00 (연중무휴)",http://ticketimage.interpark.com/Play/image/etc/23/23000053-01.jpg
［전주］조선셰프 서유구,조선셰프 서유구,2022.09.19,2023.12.31,가격 정보 없음,전체관람가,http://ticketimage.interpark.com/Play/image/large/22/22012197_p.gif,판매기간: ~2023.12.31 유효기간: ~2023.12.31,,"[기본정보]판매기간: ~2023.12.31유효기간: ~2023.12.31[이용방법 안내]1. 최소 이용 1일전 원하는 상품 구매 (당일구매/당일사용 불가)2. 현장방문, 고객 성함 및 휴대폰 번호 확인 후 이용(별도 문자 발송은 되지 않습니다)[업체정보]업체명 : [전주] 조선셰프 서유구 업체주소 : 전라북도 전주시 완산구 향교길 104업체번호 : 063-291-2583운영시간 : AM 10:00~ PM 18:00휴    무 : 매주 월~목 휴무최소이용가능나이 : 없음매표마감(라스트입장) : PM 17:00(마감 1시간전)주차여부 : 전주 한옥마을 교동주차장/ 전주 한벽문화관 주차장/ 국립무형유산원 주차장/ 한옥마을 노상 공영주차장[이용안내]유료 관람권을 소지하신 분은 전시관 옆 빙허각 카페에서 음료나 도서, 기념품 등을 구입하실 때 관람권 금액만큼 할인을 받을 수 있습니다.입장권 연령기준 성인(20세 이상), 청소년및 아동(19세 이하)[취소/환불 규정]*유효기간 내 미사용티켓 100% 환불가능*사용한 티켓은 환불 불가능합니다.*부분취소/부분환불 불가능합니다.[판매자 정보]업체명 : (주)야놀자문의전화 : 1599-8370 (고객센터)상담시간 : 09:00 ~ 19:00",http://ticketimage.interpark.com/Play/image/etc/22/22012197-01.jpg
［제주］고흐의 정원,고흐의 정원,2022.10.31,2023.01.31,"9,500원",전체관람가,http://ticketimage.interpark.com/Play/image/large/22/22014844_p.gif,판매기간 : ~2023.01.31 유효기간 : ~2023.01.31,,"[기본정보]* 판매기간 : ~2023.01.31* 유효기간 : ~2023.01.31[사용안내]* 1.원하는 상품 구매 (당일구매/당일사용 가능)* 2. 1시간내 ""야놀자""로 문자 도착- 문자 미수신 및 재발송 문의 : 1599-8370 (야놀자)* 3. 현장 방문, QR 제시 후 이용[업체정보]* 업체명 : 고흐의정원* 전화문의 : 064-783-6700* 주소 : 서귀포시 성산읍 삼달신풍로 126-5* 운영시간 : 09:30~18:00 (입장마감 17:00)* 휴무안내 : 연중무휴[유의사항]* 운영시간: 09:30 ~ 18:30 (입장마감 17:30)* 당일 기상상황에 따라 운영시간이 변동 될 수 있습니다.* 소인기준: 36개월 이상* 석고방향제, 명화색칠하기 등 체험은 별도요금이 발생합니다.[취소 및 환불규정]* 유효기간 후 환불 가능[판매자 정보]* 업체명 : (주) 야놀자* 문의전화 : 1599-8370 (야놀자 고객센터)* 상담시간 : 09:00 ~ 18:00 (연중무휴)",http://ticketimage.interpark.com/Play/image/etc/22/22014844-01.jpg
［제주］노형수퍼마켙,노형수퍼마켙,2022.07.15,2030.12.31,"15,000원",전체관람가,http://ticketimage.interpark.com/Play/image/large/22/22008751_p.gif,운영시간 : 09:30 ~ 19:00 ( 입장마감 18:00 ) 휴무일 : 연중무휴,"http://ticketimage.interpark.com/220087512022/11/07/7ba6d537.jpg, http://ticketimage.interpark.com/220087512022/11/09/2b5c6b34.jpg","[노형수퍼마켙]이용조건 : 바코드 수령 후 이용주소 : 제주도 제주시 노형로 89문의전화 : 064-713-1888운영시간 : 09:30 ~ 19:00 ( 입장마감 18:00 )휴무일 : 연중무휴소인기준 : 36개월 미만은 서류지참 시 무료입장 가능합니다.4세 ~7세 미취학 아동, 경로(65세이상), 국가유공장, 4~6급 장애인, 군인(의무복무자에 한함) 입장 시 8,000원36개월 미만 영유아 및 1-3급 장애인 무료입장제주도민 각 요금에서 2,000원 할인(증빙서류 필수 지참 )휠체어 및 유모차 이용이 제한되어 있습니다.음료 택1 : 아메리카노(HOT or ICE) / 소프트아이스크림 / 티(카모마일or얼그레이)","http://ticketimage.interpark.com/Play/image/etc/22/22008751-07.jpg, http://ticketimage.interpark.com/Play/image/etc/22/22008751-08.jpg, http://ticketimage.interpark.com/Play/image/etc/22/22008751-09.jpg"
［제주］불빛정원＆인생사진관,제주 불빛정원＆인생사진관,2021.12.20,2024.12.31,가격 정보 없음,전체관람가,http://ticketimage.interpark.com/Play/image/large/21/21013135_p.gif,운영시간 : 17:00 ~ 24:00 ( 입장마감 23:00 ),"http://ticketimage.interpark.com/Play/ITM/Data/Poster/2021/12/2021121615373419.jpg, http://ticketimage.interpark.com/210131352022/11/07/496cb6bb.jpg, http://ticketimage.interpark.com/210131352022/11/09/3e7f08d1.jpg",주소 : 제주시 애월읍 평화로 2346문의전화 : 064-799-6996휴무일 : 연중무휴(기상악화 및 업체사정으로 변경될 수 있습니다.)무료입장 : 36개월미만은 증빙서류 지참 시 무료입장가능소인기준 : 36개월이상이용시간 : 17:00 ~ 24:00입장마감 : 23:00,
［제주］스카이워터쇼,스카이워터쇼,2022.02.01,2023.06.30,"20,900원",전체관람가,http://ticketimage.interpark.com/Play/image/large/22/22001095_p.gif,운영시간 : 09:30 / 11:00 / 14:30 [ 3회공연 ] ( 공연시작 30분 전부터 입장 ),"http://ticketimage.interpark.com/220010952022/11/07/47683c5f.jpg, http://ticketimage.interpark.com/220010952022/11/09/f91142a9.jpg","주소 : 제주시 구좌읍 번영로 2172-80문의전화 : 064-782-7870휴무일 : 연중무휴( 업체사정으로 변경될 수 있습니다.)운영시간 : 11:00,14:30 ［ 2회공연］ ( 공연시작 30분전부터 입장)무료입장 : 36개월 미만은 서류 지참 시 무료입장가능합니다.당일사용가능상품입니다.* 기상악화 및 업체 사정상 공연시간이 변경될 수 있으니 해당 업체에 문의 후 이용바랍니다.* 공연시작 동시에 입장 마감되며, 공연 중 퇴장 시 재입장 불가합니다.* 코로나 바이러스로 인하여 중국인 관광객 출입을 제한합니다.",
［제주］아라리오뮤지엄 동문모텔Ⅰ＆ Ⅱ 통합권,아라리오뮤지엄 동문모텔Ⅰ＆ Ⅱ,2021.10.01,2023.10.31,가격 정보 없음,만 11세이상,http://ticketimage.interpark.com/Play/image/large/21/21009109_p.gif,운영시간 : 10:00~19:00 (마지막입장 : 18시) 매주 월요일 휴관,http://ticketimage.interpark.com/210091092021/10/05/0707bfb6.jpg,,
［제주］아라리오뮤지엄 탑동시네마,아라리오뮤지엄 탑동시네마,2018.02.27,2023.12.31,"15,000원",만 5세이상,http://ticketimage.interpark.com/Play/image/large/18/18002765_p.gif,예매가능시간: 전일17시(월~토 관람 시)까지/전일 11시(일요일 관람 시)까지 *운영시간: 10:00~19:00 (마지막 입장 18:00) *아라리오뮤지엄은 매주 월요일 휴관입니다.,,"*예매 취소 마감시간은 관람 하루 전인 평일/일요일/공휴일 오후 5시, 토요일은 오전 11시까지입니다.［탑동시네마］- 아라리오컬렉션(상설전) - 5층 기획전시실: 박영숙 개인전 《마녀의 귀환 The Return of the Witch》 2022. 10. 22. ? 2023. 8. 27.- 프로젝트 언더그라운드: 이진주 개인전 《비좁은 구성 Part 1 Confined Composition Part 1》 2022. 10. 22. ? 2023. 8. 27.",
"［제주］아라리오뮤지엄 탑동시네마＆동문모텔I,II 통합권",아라리오뮤지엄 탑동시네마,2021.10.07,2023.12.31,가격 정보 없음,만 11세이상,http://ticketimage.interpark.com/Play/image/large/21/21009108_p.gif,운영시간 : 10:00~19:00 (마지막입장 : 18시) 매주 월요일 휴관,,"운영시간 : 10:00~19:00 (마지막입장 : 18시)
매주 월요일 휴관",
［제주］아트서커스,제주 아트서커스,2022.10.06,2023.01.31,"22,000원",전체관람가,http://ticketimage.interpark.com/Play/image/large/22/22013596_p.gif,[운영시간]   - 월요일~일요일 : 09:00 ~ 17:00   - 월 1회 휴무 (별도공지)  - 공연시간   - 10:30 / 15:00 / 17:00   - 입장마감: 공연시작 20분전,,"［기본정보］
판매기간 : ~2023.01.31
유효기간 : ~2023.01.31


[이용방법]
1.원하는 상품 구매 (당일구매/당일사용 가능)
2. 1시간내 ""야놀자""로 문자 도착
  - 문자 미수신 및 재발송 문의 : 1599-8370 (야놀자)
3. 현장 방문, QR 제시 후 이용


[대,소인 기준] / 한국나이
 - 대인: 20세 부터 ~
 - 청소년: 14세 ~ 19세 
 - 소인: 36개월이상 ~ 13세
※ 무료입장: 36개월 미만 증빙서류 지참시 무료입장적용


[운영시간]
  - 월요일~일요일 : 09:00 ~ 17:00
  - 월 1회 휴무 (별도공지)

- 공연시간
  - 10:30 / 15:00 / 17:00
  - 입장마감: 공연시작 20분전


[유의사항]
* 타 관광지 할인쿠폰,복지할인 등 중복할인이 불가능합니다.
* 기사 및 가이드 대동 시 이용이 불가능하며, 렌터카 또는 자가운전자만 가능합니다. (가이드동반/택시관광/단체관광 사용불가)
* 임의로 타인에게 양도하거나 재판매/이용이 불가합니다.
* 미사용 티켓은 100% 환불이 가능하며, 사용한 티켓은 환불이 불가능 합니다.
* 천재지변 및 업체사정으로 이용불가 시 문의 바랍니다.


[업체정보]
업체명 : 제주 아트서커스
전화문의 : 064-794-4444
주소 : 서귀포시 안덕면 동광로 214
공연시간 :
  - 10:30 / 15:00 / 17:00
  - 입장마감: 공연시작 20분전
휴무안내 : 월1회(별도공지)
무료입장: 36개월 미만 증빙서류 지참시 무료입장적용
주차여부 : 주차여부 : 가능 (무료 / 아트서커스전용주차장)


[취소/환불규정]
* 유효기간 내 미사용티켓 100% 환불가능
* 유효기간 후 미사용티켓 100% 환불가능
* 사용한 티켓은 환불 불가능합니다.


[판매자정보]
업체명 : ㈜야놀자
문의전화 : 1599-8370(야놀자 고객센터)
상담시간 : 09:00 ~ 18:00",http://ticketimage.interpark.com/Play/image/etc/22/22013596-03.jpg
［제주］제주난타,제주난타,2022.07.15,2023.01.31,가격 정보 없음,전체관람가,http://ticketimage.interpark.com/Play/image/large/22/22009042_p.gif,판매기간 : ~2023.01.31 유효기간 : ~2023.01.31 이용조건 : 사전 예약 필수,,"[기본정보]판매기간 : ~2023.01.31유효기간 : ~2023.01.31이용조건 : 사전 예약 필수[이용방법]1.원하는 상품 구매 (당일구매/당일사용 가능)2. 1시간내 ""야놀자""로 문자 도착- 문자 미수신 및 재발송 문의 : 1599-8370 (야놀자)3. 현장 방문, QR 제시 후 이용[유의사항]** 사전예약 필수 !! 업체의 사정에 따라 공연 일정이 변경될 수 있으니 사전 확인 후 이용 바랍니다.- 인원 모객이 안될 경우 공연 운영이 불가할 수 있습니다. - 12개월 이상 관람 가능하며, 36개월 이상은 성인과 동일하게 요금이 적용됩니다.- 좌석은 예약 순서대로 지정되며 티켓박스에서 확인 가능합니다.※ 무료입장기준:12개월이상 관람가 (12개월 이상 36개월 미만 증빙서류 지참 시 무료입장) 적용(단, 관람 시 부모님 동석 관람으로 좌석 추가 불가합니다.)* 환불규정- 관람일 1일전까지 : 100% 환불- 관람일 당일 : 환불 및 변경 불가* 공연시간- 매월 스케쥴 운영 (업체측으로 공연시간 확인 후 사전예약 필수!!)* 기사 및 가이드 대동 시 이용이 불가능하며, 렌터카 또는 자가운전자만 가능합니다. (가이드동반/택시관광/단체관광 사용불가)* 임의로 타인에게 양도하거나 재판매/이용이 불가합니다.* 공연 일정은 기획사의 사정에 따라 변경될 수 있습니다.* 공연 당일은 취소나 변경이 불가하니 유의 부탁드립니다.* 공연장 주의 사항- 건물 내부에서는 마스크를 내리는 모든 행위가 불가 합니다.- 공연장 내부 음식물 섭취는 불가합니다.- 공연 중 사진 및 동영상 촬영은 불가합니다.- 공연 중 이동 및 퇴장을 삼가해주시기 바랍니다[업체정보]업체명 : 제주 난타연락처 : 064-723-8878주소 : 제주시 선돌목동길 56-26운영시간 : 09:00 ~ 17:00휴무안내 : 별도공지주차 : 가능 (무료 / 제주난타 전용주차장)내국인만 사용가능(Only Korean)[취소/환불규정]1) 예약 전- 유효기간 내 미예약티켓 100% 환불가능- 유효기간 후 미예약티켓 100% 환불가능2) 예약 후- 이용 1일 전 취소신청시 100% 환불가능- 이용 당일 취소신청 및 환불 불가[판매자정보]업체명 : (주)야놀자문의전화 : 1599-8370 (야놀자 고객센터)상담시간 : 09:00~18:00 (연중무휴)",
［제주］제주민속촌,제주민속촌,2022.08.31,2024.12.31,"10,800원",12개월이상 관람가능,http://ticketimage.interpark.com/Play/image/large/22/22011341_p.gif,운영시간   - 10월 1일 ~ 2월 28일 : 08:30 ~ 18:00  - 3월 1일 ~ 3월 31일 : 08:30 ~ 18:30  - 4월 1일 ~ 7월 15일 : 08:30 ~ 19:00  - 7월 16일 ~ 8월 15일 : 08:30 ~ 19:30  - 8월 16일 ~ 9월 30일 : 08:30 ~ 19:00 * 입장마감 : 영업종료 1시간 전 * 휴무일 : 연중무휴,"http://ticketimage.interpark.com/220113412022/11/07/8102ac1a.jpg, http://ticketimage.interpark.com/220113412022/11/09/64826420.jpg",[제주민속촌]이용조건 : 바코드 수령 후 이용주소 : 제주특별자치도 서귀포시 표선면 민속해안로 631-34문의전화 : 064-787-4501- 10월 1일 ~ 2월 28일 : 08:30 ~ 18:00- 3월 1일 ~ 3월 31일 : 08:30 ~ 18:30- 4월 1일 ~ 7월 15일 : 08:30 ~ 19:00- 7월 16일 ~ 8월 15일 : 08:30 ~ 19:30- 8월 16일 ~ 9월 30일 : 08:30 ~ 19:00* 입장마감 : 영업종료 1시간 전* 휴무일 : 연중무휴소인기준 : 48개월 미만 무료입장(중빙서류 필수 지참 )주차여부 ; 가능,"http://ticketimage.interpark.com/Play/image/etc/22/22011341-01.jpg, http://ticketimage.interpark.com/Play/image/etc/22/22011341-02.jpg, http://ticketimage.interpark.com/Play/image/etc/22/22011341-03.jpg, http://ticketimage.interpark.com/Play/image/etc/22/22011341-04.jpg, http://ticketimage.interpark.com/Play/image/etc/22/22011341-05.jpg, http://ticketimage.interpark.com/Play/image/etc/22/22011341-06.jpg"
［파주］헤이리 미니어처 뮤지엄,헤이리 스토리 미니어처 뮤지엄,2022.10.25,2023.12.31,"8,000원",전체관람가,http://ticketimage.interpark.com/Play/image/large/22/22016445_p.gif,"- 매주 월요일 휴관 / 화요일~일요일 정상영업 - 평일: 10시 30분 ~ 18시까지 - 주말: 10시 30분 ~ 19시까지 단, 2021년 3월 1일(월) 공휴일은 정상 영업, 3월 2일(화) 휴관 진행  거리두기 4단계 기간 동안 평일, 주말 모두 오후 6시까지 운영하며 입장 마감 시간은 오후 5시입니다.",,"놀라움과 감동을 주는 세계적인 수준의 헤이리 스토리 미니어처 뮤지엄
헤이리 스토리 미니어처 뮤지엄은 20년 역사를 가진 헤이리마을 예술인들과 예술을 사랑하는 스위스, 독일, 대만, 프랑스, 한국의 작가들이 참여하여 설립되었습니다.
100년의 역사를 지닌 오르골, 세계적인 아티스트들의 인형, 명작동화 디오라마, 다양한 스케일의 미니어처 작품 속에 담겨있는 스토리는 전시를 관람하시는 모든 분들의 마음에 감동을 선물해드릴 것입니다.",http://ticketimage.interpark.com/Play/image/etc/22/22016445-01.jpg
［파주］헤이리 한국 스토리 뮤지엄,아지동 테마파크 2층 한국 스토리 뮤지엄,2022.10.25,2023.12.31,"4,500원",24개월이상 관람가능,http://ticketimage.interpark.com/Play/image/large/22/22016475_p.gif,- 화 ~ 일 정상영업 - 매주 월요일 정기휴무 - 이용시간 : 오픈 10시 30분 ~ 마감 18시 - 주말 이용시간 : 오픈 10시 30분 ~ 마감 19시,,"1.관람시간 : 10:30 ~ 19:00(입장마감 시간 : 18:00)
2.매주 월요일 휴관
3.24개월 이하 영유아(증빙서류 지참 시) 무료 / 미지참시 입장불가",http://ticketimage.interpark.com/Play/image/etc/22/22016475-01.jpg
"［파주］헤이리예술마을 (그림, 향기를 만나다)",센티드뮤제,2022.11.10,2023.03.01,"10,000원",전체관람가,http://ticketimage.interpark.com/Play/image/large/22/22015487_p.gif,판매기간 : ~ 2023.03.31 유효기간 : 구매일 ~ 2023.03.31,,"[기본정보]
유효기간 : 구매일 ~ 2023.03.31

[이용방법]
1. 최소 이용 1시간 전 구매
(당일구매/당일사용 가능)
2. 현장방문, 고객 성함 및 휴대폰번호 확인 후 이용

[업체정보]
업체명 : 센티드뮤제
업체주소 : 경기도 파주시 탄현면 헤이리마을길 59-58 센티드뮤제
업체번호 : 031-948-7926 (문의가능시간 오전10시~오후6시)
이용시간 : 오전 10시 ~ 오후6시
매표마감 : 입장마감 오후 5시
주차: 무료 (센티드뮤제 정면 야외주차장 무료이용, 주말/공휴일은 헤이리마을 방문객이 많아 주차장이 혼잡할 수 있습니다.)
최소이용가능나이 : 전체 관람 가능 (7세 이상 권장)
무료입장 기준 : 만 36개월 미만 (증빙서류 지참 필수, 보호자 동반 필수)

[전시정보]
- 전시명: 센티드뮤제
- 전시기간: 2022.10.1(토)~2023.03.31(금)
- 관람시간: 오전 10시 ~ 오후 6시 (입장마감 : 오후 5시)
※ 매주 월요일 휴관 (단, 월요일이 공휴일일 경우 정상 운영)
※ 기타 휴관일 발생할 경우 공식 인스타그램 계정에 공지될 예정입니다.

[이용안내]
- 마스크 미착용시 입장이 제한되며, 전시장 내에서 미착용 적발 시 강제 퇴장 조치됩니다.
- 타 관람객에게 피해를 주지 않는 사진 촬영(플래시X)은 가능하나 상업적 용도의 촬영은 불가합니다.
- 음식물, 음식 쓰레기 반입을 금지하며 갤러리 내/외부 전체 금연구역입니다.
- 지나친 소음과 대화 등 타 관람객에게 불편을 주는 행위가 지속될 시 퇴장조치가 이루어질 수 있습니다.
   * 아이를 동반하신 부모님께서는 아이가 뛰거나 소리를 지르지 않도록 올바른 지도를 부탁드립니다.
- 전시품을 밀거나 손톱으로 긁는 등 전시품을 훼손하는 경우 손해배상금이 청구됩니다.
이요 수칙을 지키지 않아서 발생하는 퇴장조치는 환불 사유가 아닙니다
- 퇴장 시 재입장은 불가능합니다.
- 예매하신 티켓의 취소/변경이 필요하신 경우 반드시 사용처리 이전에 문의해주세요
- 온라인 티켓은 예매하신 각 예매처 사이트에서 환불 규정에 따른 취소 및 환불이 가능합니다.

[취소/환불규정]
*유효기간 내 미사용티켓 100% 환불가능  
*사용한 티켓은 환불 불가능합니다.

[판매자 정보]
업체명 : (주)야놀자
문의전화 : 1599-8370(야놀자 고객센터)
상담시간 : 09:00 ~ 18:00 (연중무휴)","http://ticketimage.interpark.com/Play/image/etc/22/22015487-01.jpg, http://ticketimage.interpark.com/Play/image/etc/22/22015487-02.jpg"
2002 한일 월드컵 20주년 기념 특별전,풋볼 팬타지움 ,2022.06.01,2023.03.31,"15,000원",36개월이상 관람가능,http://ticketimage.interpark.com/Play/image/large/22/22006119_p.gif,"예매가능시간: 전일17시(월~토 관람 시)까지/전일 11시(일요일 관람 시)까지 - 오전 10시 ~ 오후 6시 운영 (입장마감 오후 5시)  - 매주 월요일 휴관 - 서울월드컵경기장 행사 진행 시 (A매치, K리그 매치, 콘서트 등) 연장 운영",,"- 서울월드컵경기장 행사 진행 시 (A매치, K리그 매치, 콘서트 등) 연장 운영

- 축구파이 App 소지자 및 A매치 당일 티켓 소지자 50% 할인 

- Bench ＆ Locker 카페는 오전 9시부터 오픈입니다.","http://ticketimage.interpark.com/Play/image/etc/22/22006119-16.jpg, http://ticketimage.interpark.com/Play/image/etc/22/22006119-17.jpg, http://ticketimage.interpark.com/Play/image/etc/22/22006119-18.jpg"
2023 S/S 와이즈웨딩 스타일링페어,그랜드하얏트서울호텔 그랜드볼룸＆그랜드살롱,2023.02.18,2023.02.19,"50,000원",전체관람가,http://ticketimage.interpark.com/Play/image/large/22/22017502_p.gif,예매가능시간: 전일17시(월~토 관람 시)까지/전일 11시(일요일 관람 시)까지 - 행사일 : 2023년 2월 18일 ~ 19일(양일간) - 토요일 : AM 11:00 ~ PM 08:00 - 일요일 : AM 11:00 ~ PM 08:00,,"［2023 S/S 와이즈웨딩 스타일링페어］ 
와이즈웨딩 스타일링페어는 웨딩컨설팅 ㈜와이즈웨딩이 결혼 준비 중인 2,000커플을 한정 초대하여 
연 2회 하얏트 호텔에서 진행하는 프리미엄 웨딩박람회입니다. 선별된 우수 웨딩＆혼수 브랜드의 전시와 상담이 진행되며 
다양한 브랜드의 연중 최대 혜택과 전문 웨딩플래너의 맞춤 웨딩스타일링이 제공됩니다. 


［2023 S/S 와이즈웨딩 스타일링페어 응모 EVENT］ 
1) 메이든스튜디오 : 리허설 촬영권 - 20P 촬영 (1커플) 
2) 아이테오 : 본식 드레스(화이트 1벌) + 리허설 드레스(화이트 3벌) (1커플) 
3) 순수 헤어&메이크업 : 신랑, 신부 헤어＆메이크업(촬영+본식) (1커플) 
4) 테일러룸스 (총 3커플)
신랑 예복 맞춤 시_
COLOMBO  캐시미어 100% <190만원 상당> 코트 증정 (1커플) 
최고급 턱시도 SET 무상 1회 대여 서비스 <50만원 상당> (1커플) 
테일러룸스 맞춤셔츠 & 타이 2매 쿠폰 증정 <40만원 상당> (1커플) 
5) 리마조테일러 (총 3커플)
신랑 예복 맞춤 시_
신랑님 겨울 코트 <100만원 상당> (1커플) 
아버님 정장 무료 맞춤 이용권 <100만원 상당> (1커플) 
신랑님 예복 맞춤 고객 중 베스트 무료 제작 이용권 <40만원 상당> (1커플) 
6) 베루체 : 천연 1부 다이아몬드 14K 목걸이 증정 (3커플)
7) 약손명가 : 더 셀 솔루션 딥 퍼밍 3종 세트 (10커플) 


［2023 S/S 와이즈웨딩 스타일링페어 참석자 혜택］ 
*웨딩 상담 고객 전원께 드립니다. 
1) 웨딩 다이어리 (소비자가 12,000원)증정 
2) 웨딩＆혼수 할인 혜택 


*본 행사의 참여는 결혼예정자를 대상으로 합니다. 
*본 초대권으로 동반 1인까지 입장하실 수 있습니다.(판매가 50,000원) 
*초대 인원이 한정된 관계로 사전에 예약번호를 발급받으신 분에 한해서만 입장이 가능합니다. 
*우수 웨딩업체 전시와 맞춤 웨딩스타일링 상담이 진행됩니다. 
*본 초대권은 재판매 및 환불이 불가합니다.",http://ticketimage.interpark.com/Play/image/etc/22/22017502-01.jpg
감상일상 展,김포아트빌리지 아트센터,2022.11.23,2023.01.29,0원,전체관람가,http://ticketimage.interpark.com/Play/image/large/22/22016228_p.gif,* 운영시간 : 10:00 ― 18:00 (입장마감 17:30) * 휴관일 : 매주 월요일 휴관,,공지사항 text 없음,
겨울방학 특별 체험전 〈더 브릭투어 : 세종〉,세종문화예술회관,2023.01.26,2023.02.26,"3,000원",전체관람가,http://ticketimage.interpark.com/Play/image/large/23/23000526_p.gif,- 전시기간 : 2023년 1월 26일(목) ~ 2월 26일(일) ※ 매주 월요일 휴관  - 관람시간 : 오전 10시 ~ 오후 6시   ※ 입장 마감시간 : 오후 5시 30분,,"* 티켓 단체구매 : 20매 이상 단체구매는 044-850-8940으로 문의주시기 바랍니다.
* 전시 기간 종료 후 또는 전시장 현장 매표소에서 티켓을 발권한 이후에는 취소 및 환불이 불가합니다.
* 전시장 현장 상황에 따라 체험프로그램에 대기 시간이 발생할 수 있습니다.",http://ticketimage.interpark.com/Play/image/etc/23/23000526-02.jpg
경복궁의 인문학산책,경복궁,2018.06.23,2023.12.31,"19,900원",만 10세이상,http://ticketimage.interpark.com/Play/image/large/18/18008401_p.gif,"예매가능시간: 관람전일 18시까지 수, 목, 금, 토, 일, 공휴일 오후 1시",,"

Untitled Document

",
구하우스미술관 관람권,구하우스미술관,2022.07.27,2023.12.31,"15,000원",전체관람가,http://ticketimage.interpark.com/Play/image/large/22/22009178_p.gif,"*관람안내* ［6월 ~ 12월］ 월, 화 : 휴관  ※ (대체)공휴일 정상운영 수, 목, 금 13:00 ~ 17:00 (마지막 입장 시간 16:00) 토, 일, 공휴일 10:30 ~ 18:00 (마지막 입장 시간 17:00) ※ 계절에 따라 관람시간이 변경됩니다. 미술관 홈페이지를 참고하세요.",,"*관람안내*
［6월 ~ 12월］
월, 화 : 휴관  ※ (대체)공휴일 정상운영
수, 목, 금 13:00 ~ 17:00 (마지막 입장 시간 16:00)
토, 일, 공휴일 10:30 ~ 18:00 (마지막 입장 시간 17:00)
※ 계절에 따라 관람시간이 변경됩니다. 미술관 홈페이지를 참고하세요.",
국립 고궁박물관 인문학산책,고궁박물관,2022.12.16,2023.12.31,"29,900원",전체관람가,http://ticketimage.interpark.com/Play/image/large/22/22017409_p.gif,"화,수,목,금,토,일요일, 공휴일  오후3시30분",http://ticketimage.interpark.com/Play/image/etc/22/22017409-02.jpg,"

臾댁젣 臾몄꽌
",http://ticketimage.interpark.com/Play/image/etc/22/22017409-02.jpg
극장판 뽀로로와 친구들: 바이러스를 없애줘!,한국만화박물관 1층 만화영화상영관,2022.12.01,2023.01.31,가격 정보 없음,전체관람가,http://ticketimage.interpark.com/Play/image/large/22/22016556_p.gif,예매가능시간: 관람 1시간 전까지 2022. 12. 28. (수) 11:00 / 13:402022. 12. 29. (목) 11:002022. 12. 30. (금) 11:00 / 13:402022. 12. 31. (토) 11:002023. 1. 3.(화) 13:402023. 1. 4.(수) 11:002023. 1. 5.(목) 11:002023. 1. 6.(금) 11:002023. 1. 7.(토) 11:002023. 1. 8.(일) 11:002023. 1. 10.(화) 11:002023. 1. 14.(토) 11:002023. 1. 14.(토) 11:002023. 1. 19.(목) 11:00,,"【만화영화상영관 이용 안내】
▶ 영화 관람 중에도 반드시 마스크를 착용하시기 바랍니다.
▶ 상영관 내 음료(물 제외) 및 음식 섭취를 금지하고 있습니다.
▶ 지정 좌석에 착석해주시기 바랍니다.

【만화영화상영관 티켓 발권 및 수령 안내】
▶ 예매 : 인터파크 티켓(검색창 ＇한국만화박물관＇으로 검색)
▶ 발권 : 한국만화박물관 현장 발권 및 예매 발권
▶ 36개월 미만 무료(※ 증빙서류 필수 지참)
    단, 보호자와 같은 좌석에 동석해야 합니다.
    현장에서 증빙 서류 확인 후 입장 가능.
    별도 좌석이 필요할 경우 추가 발권 해야 합니다.
▶ 우대 티켓 수령 시 당사자에 해당되는 증빙 서류를 제시해야 합니다.
    (증빙 서류 확인 불가 시 현장에서 재결제)
▶ 모든 티켓은 실 관람자 기준으로 적용됩니다.
▶ 지역화폐(부천페이) 사용 불가",http://ticketimage.interpark.com/Play/image/etc/22/22016556-01.jpg
덕수궁의 인문학산책,덕수궁,2018.09.01,2023.12.31,"19,900원",만 10세이상,http://ticketimage.interpark.com/Play/image/large/18/18011706_p.gif,"예매가능시간: 관람전일 18시까지 〉화, 수요일 오후 7시 *공휴일은 쉽니다.",,"

Untitled Document



",
미구엘 슈발리에 〈디지털 뷰티〉,아라아트센터,2023.01.25,2024.02.11,가격 정보 없음,전체관람가,http://ticketimage.interpark.com/Play/image/large/23/23001003_p.gif,10:00-19:00 (입장마감 18:00) 매월 세번째 월요일 휴관입니다.,,미구엘 슈발리에 <디지털 뷰티>- 티켓사용기간: 2023년 1월 18일 ~ 2024년 2월 11일[티켓이용안내]1. 구매 후 1시간 이내 모바일티켓(QR) 수신2. 티켓사용기간 내 전시장 방문3. 현장에서 구매자정보 및 모바일티켓(QR) 확인 후 입장[취소/환불규정]- 사용된 티켓의 환불은 불가합니다.- 유효기간 내 미사용티켓 100% 환불가능합니다.- 유효기간 종료 후 미사용티켓 환불불가합니다. [모바일티켓 문의처]㈜스마틱스TEL: 02-6933-6480운영시간: 매일 09:00-18:00 (점심 12:00-13:00),http://ticketimage.interpark.com/Play/image/etc/23/23001003-01.jpg
미켈란젤로 인 메타버스 - 제주,제주 텐저린맨션,2022.04.01,2023.02.26,"15,000원",전체관람가,http://ticketimage.interpark.com/Play/image/large/22/22003070_p.gif,"- 전시기간: 2022년 4월 1일 ~ 2023년 2월 26일 - 운영시간: 10:30 ~ 19:00 (입장마감 18:00) - 연중무휴, 추석 당일 휴관 - 대중교통: 제주 공항에서 465, 316번 버스 〉관덕정 하차(약 15분 소요) - 주차: 전시 관람시 2시간 / 만차일 경우, 주변 공영주차장(유료)이용",,"** 임시 휴관 안내 **전시장 내부 공사 일정으로 6월 27일(월) 임시휴관합니다.관람에 불편 드린 점 양해 말씀 드리며, 28일(화)부터 연중무휴 정상운영합니다.［입장권 연령 기준］*성인(20세 이상) _2004년 이전 출생자 *청소년(14~19세)_2004년 ~ 2009년생 *어린이(13세 이하) _2010년 ~ 2019년생*유아(36개월 이하) 무료 (증빙서류 미지참시 혜택적용 불가) *경로 우대(65세 이상)_1958년 이전 출생자- 경로 (65세이상), 국가유공자, 4~6급 장애인, 군인(의무복무자에 한함) 입장 시 10,000원 - 제주도민 현장 티켓팅 시 각 요금에서 2,000원 할인(증빙서류 필수 지참, 중복 할인 불가)- 할인 대상자는 현장 결제이며, 증빙서류(학생증, 신분증 등)지참 시 이용가능 ＆중복 할인 불가［이용안내］- 재입장 불가합니다.- 코로나 19 관련 감염병 위기경보 단계가 '심각’으로 격상됨에 따라 개인위생용품(마스크 등) 착용자에 한하여 입장이 가능합니다. -관람객은 호텔 주차장을 2시간 이용할 수 있으나, 주차공간이 협소하여 만차인 경우 주변 공영주차장(유료) 이용을 부탁드립니다. - 취소/환불 문의 : 인터파크 티켓 고객센터 1544-1555- 문의 시간: 10:00~18:00 (점심시간 12:00~13:00) - 티켓 발권 후 환불/부분환불 불가합니다. - 타 관광지 할인쿠폰과 중복할인 불가합니다.- 단체관람은 문의 메일로 연락부탁드립니다.위 구매정보와 안내사항은 필수 확인 바라며, 위 내용을 확인 못하고발생한 문제에 대해서는 책임을 지지 않습니다.- 주소 : 제주 제주시 관덕로 26 텐저린 맨션 B1,2- 문의 : newglass@artscloud.net","http:https://ticketimage.interpark.com/Play/image/etc/22/22003070-06.jpg, http:https://ticketimage.interpark.com/Play/image/etc/22/22003070-07.jpg, http:https://ticketimage.interpark.com/Play/image/etc/22/22003070-08.jpg"
북파크 라운지,블루스퀘어,2019.12.03,2023.01.31,"9,900원",전체관람가,http://ticketimage.interpark.com/Play/image/large/19/19018168_p.gif,공연시간 정보 text 없음,,"- 안녕하십니까. ＇북파크라운지 도서＇는 모두 내부 열람용입니다. 판매는 하지 않습니다. 베스트셀러, 스테디셀러, 명사의 추천, 웹툰 등 큐레이션 된 도서들로 구성되어 있습니다. 진열용 외국 원서 또한 열람이 가능합니다.- 편안한 좌석이 준비되어 있습니다. 블루스퀘어로 공연 보러 오는 분에 관람 전, 편히 안정을 취하고 그날만은 낭만적인 문화 체험의 시간으로 듬뿍 취해보자는 취지로 당일 관람객들에 입장 할인을 제공하고 있습니다. 혜택은 일반 입장 고객들과 동일합니다.- 월요일은 정기휴무일입니다. 이용 시간은 오전 11시부터 오후 9시, 오직 ONE DAY TICKET, 온라인/오프라인 티켓팅 모두 가능하며, 입구 위치한 컨시어지에서 인터파크 티켓(실물) 형식으로 출력 제공합니다. 외출이 자유롭게 가능하며 티켓은 항시 소지하셔야 합니다. 그리고 주말에 오후 8시 이전까지만 입장과 라운지 음료 제공 및 주차 전산 등록이 가능합니다.- 티켓은 입장권과 음료교환권 2종으로 구성됩니다. ＇음료교환권＇을 분리하여 내부 테라스 앞 위치한 카페테리아에 제출하면 독자적인 시그니쳐 메뉴, 커피, 병음료, 수제 과일 소다, 맥주 그리고 푸드와 디저트가 맞이합니다. 음료 1잔이 무료 제공되며 7천원 상당의 드립커피 역시 맛볼 수 있습니다. 그리고 시그니쳐 음료인 프레도 카푸치노와 아인슈페너는 천원의 추가 금액이 있습니다.- 요기 가능한 메뉴로 콥샐러드 형식의 수제 하우스 샐러드, 수제 크림치즈 베이글 샌드위치 그리고 파니니와 곁들어진 미니 샐러드가 있습니다. 신선한 재료 그리고 풍미를 최대로 끌어올리기 위해 이탈리안 레스토랑 총괄 셰프와 경력이 풍부한 전문 바리스타가 꾸린 북파크라운지 카페테리아 독자적 레시피입니다.- 묵직한 블렌드 맛의 프리미엄 커피와 곁들일, 한남동 디저트의 선두주자로서 자격을 갖추기 위해 매일 제조하는 마들렌, 오리지널 티라미수는 신선한 계란으로 만든 크림 등 오전에 재료를 준비하고, 오후엔 외부 위치 오븐에 정성스레 구워 완성합니다.- 2019년 11월, 운영을 시작한 이래로 한남동에 어떤 낭만적 문화적 코드를 형성하기 위해 공연 관람으로 우연히 들르신 분들 그리고 인연이 되어 발걸음 주신 고객들과 조금씩 꾸준히 소통을 계속하고 있습니다. 의견을 묻고, 귀기울여 메모하고, 북파크라운지 운영진들과 그것에 대해 깊이 공감을 하고 때로는 죄송한 마음으로 부족함을 인정했습니다. 과정속에 부재하였던 도서 종들이 생성되고, 독서하기 좋은 더 밝은 조명들 그리고 매일 마주하는 소중한 인연들이 생겨갔습니다. 그리고 서비스 측면에서 개인의 아지트라는 경험이 100% 충족됨에 초점을 맞추어 당신의 마음을 더 더 헤아려주고 싶습니다. 운영진들과 각자의 경험에서 오버랩된 감정들을 여러 관점에서 공유하는 이유입니다. 그렇게 그렇게 계속해서 북라운지는 감정적으로 유기적인 정체성을 갖출 생각입니다. 가슴 깊이 감사의 말씀 올립니다.2020년 여름, 북파크라운지 올림https://www.instagram.com/booklounge_official#bookparklounge.conciergeSent from BookparkLounge Mail app.",http://ticketimage.interpark.com/Play/image/etc/19/19018168-06.jpg
브이센터 더 라이브 뮤지엄 (로보트태권브이 테마파크),브이센터,2022.01.01,2023.01.31,"15,000원",전체관람가,http://ticketimage.interpark.com/Play/image/large/22/22000408_p.gif,공연시간 정보 text 없음,"http://ticketimage.interpark.com/Play/image/etc/22/22000408-04.jpg, http://ticketimage.interpark.com/Play/image/etc/22/22000408-05.jpg","

Untitled Document


","http://ticketimage.interpark.com/Play/image/etc/22/22000408-04.jpg, http://ticketimage.interpark.com/Play/image/etc/22/22000408-05.jpg"
빅토리아 티렉스 (VICTORIA T-REX),롯데백화점 김포공항점 1층 그랜드홀,2022.04.22,2023.02.28,"8,000원",전체관람가,http://ticketimage.interpark.com/Play/image/large/22/22004749_p.gif,"월-목 10:30-19:30 (마지막입장 18:45)금-일 10:30-20:00 (마지막입장 19:15)* 10시30분 티켓부스 오픈* 휴관일은 백화점과 동일 (매달 공지예정)※ 2023년 1월 1일(일), 1월 21일(토), 1월 22일(일) 백화점 휴무일로 휴관입니다.* 현장구매는 카드결제만 가능합니다.",,"※ 본 전시의 현장구매는 정상가로 판매됩니다. 사전 인터넷 예매를 권장드립니다. (현장구매는 카드결제만 가능합니다.)※ 본 전시는 주말 티켓발권 및 입장 대기시간이 평균 30분 가량 발생합니다. 특히 주말 오전 11시에서 오후 5시까지는 전시장 내부가 혼잡하오니 쾌적한 관람을 위해서는 주중에 방문하시는 것을 권장 드립니다.※ 인터넷 예매를 하셨어도, 현장 티켓부스에서 지류티켓으로 발권이 반드시 필요합니다.※ 제한된 공간에 순차적으로 입장 도와드리고 있어 입장 대기시간이 발생할 수 있다는 점 참고 부탁드립니다.월-목 10:30-19:30 (마지막입장 18:45)금-일 10:30-20:00 (마지막입장 19:15)* 10시30분 티켓부스 오픈* 운영시간 변동이 있을 수 있습니다. 변동시 추후 공지 예정* 롯데백화점 김포공항점 휴무일에 휴관예정(매달공지 예정)※ 2023년 1월 1일(일), 1월 21일(토), 1월 22일(일) 백화점 휴무일로 휴관입니다.* 현장구매는 카드결제만 가능합니다.※ 입장전 반드시 현장 티켓부스에서 종이티켓으로 발권(필수) 후 입장 가능※ 패밀리권: 명시되어있는 구성으로만 사용 가능합니다.EX. 패밀리권1 (성인2+어린이1) 구매시: 성인1+어린이2 사용불가※ 빅토리아 티렉스 전시장 내부 안전문제로 인하여 15세미만 단독 입장 불가합니다.보호자 동반 필수로 15세미만 어린이티켓만 구매후 입장시 입장이 제한됩니다.※ 청소년 티켓 구매시 생년월일 확인후 발권이 진행됩니다.※ 무료입장은 만 24개월 미만까지이며, 증빙서류 지참 및 보호자 동반 필수 입니다. 이용에 참고 부탁드립니다.［코로나 예방에 따른 운영안내］: 전시장 내외 거리두기를 시행중 입니다. 이로 인하여 관람인원 제한 및 입장 전 대기가 발생할 수 있습니다.: 전 관람객 마스크 착용을 확인하며 미착용시 입장을 제한합니다. 입장 전후 손소독제 사용을 의무적으로 시행하고 있습니다.［자주 묻는 질문 ］1. 입장시간 및 관람시간은 어떻게 되나요？오전 10시 30분부터 티켓부스에서 발권이 시작됩니다. 예매 후에도 반드시 종이티켓 발권이 필요하오니 티켓부스로 오시면 발권 및 전시장 안내 도와드리겠습니다. 관람시간은 평균적으로 45분에서 1시간정도 소요됩니다.2. 전체관람가이면 어린이 단독입장이 가능한가요？아니요. 빅토리아 티렉스 전시장 내부 안전문제로 인하여 15세미만은 단독입장 불가능합니다. 보호자 동반입장 해주셔야하고, 15세미만 청소년＆어린이티켓만 단독구매 후 입장시 입장이 제한됩니다. (청소년증 및 본인인증 가능한 신분증 필히 지참 부탁드립니다.)3. 주차는 가능한가요？네. 롯데백화점/롯데몰 지하주차장 이용가능합니다. 발권시 티켓부스에서 무료주차 3시간 사전등록 가능합니다.4. 전시장 퇴장 후 재입장이 가능한가요？전시 관람을 모두 마치고 퇴장하신 경우 티켓을 소지하였더라도 재입장이 불가능합니다. 중도 퇴장시 또한 재입장이 어렵습니다. 양해 부탁드리겠습니다.5. 유모차 반입이 되나요？유모차는 계단 및 시설물 안전상의 이유로 반입이 불가하며, 전시장 입구에서 직원이 보관도와드립니다. 추가적인 개인귀중품에 대한 책임은 본 전시장에서 가지고 있지 않습니다.6. 식음료 반입이 가능한가요？아니요. 입장하실 때는 음료 및 음식물 반입이 절대 불가하오니 이점 양해 부탁드립니다.7. 단체 관람 예약은 어떻게 하나요？15인이상 관람을 원하실 경우, yeseul.park@cityneongroup.com으로 문의 부탁드리겠습니다.8. 현장 직원의 설명관리자 및 직원의 요청사항에 불응시에는 현장 관리자에 의해 강제 퇴장될 수 있으며, 반드시 체험 전 안내원의 설명을 충분히 숙지하시길 바랍니다.9. 취소 및 환불당일티켓에 대한 취소 및 환불은 불가능 합니다. 이외의 취소 환불 문의는 고객센터로 접수 부탁드립니다. 예매내역 확인 후 안내 드리겠습니다. 현장 티켓 발권 후 단순변심으로 인한 환불은 불가능 합니다.",http://ticketimage.interpark.com/Play/image/etc/22/22004749-04.jpg
"빛의 벙커 세잔, 프로방스의 빛_1월",빛의 벙커,2023.01.01,2023.01.31,"18,000원",전체관람가,http://ticketimage.interpark.com/Play/image/large/22/22018012_p.gif,공연시간 정보 text 없음,"http://ticketimage.interpark.com/Play/image/etc/22/22018012-01.jpg, http://ticketimage.interpark.com/Play/image/etc/22/22018012-02.jpg, http://ticketimage.interpark.com/Play/image/etc/22/22018012-04.jpg","

臾댁젣 臾몄꽌



","http://ticketimage.interpark.com/Play/image/etc/22/22018012-01.jpg, http://ticketimage.interpark.com/Play/image/etc/22/22018012-02.jpg, http://ticketimage.interpark.com/Play/image/etc/22/22018012-04.jpg"
선릉 인문학산책,선릉,2019.01.08,2023.12.31,"19,900원",만 10세이상,http://ticketimage.interpark.com/Play/image/large/19/19000210_p.gif,"예매가능시간: 관람전일 18시까지 화,수요일 오전 10시",,"

Untitled Document


",
"쉼 ,",미디어 아트 갤러리 언더독뮤지엄,2022.09.19,2023.02.28,"10,000원",전체관람가,http://ticketimage.interpark.com/Play/image/large/22/22012724_p.gif,- 전시시간 : 매일 오전 11시 ~ 오후 10시 - 마지막 입장 : 오후 9시 20분,,"아래의 일정과 같이 대관을 진행합니다.

대관 기간동안은 < 쉼 , 밤의 흔적 물의 위로> 전시는 잠시 쉬어 갑니다.


1. 2022년 10월 22일 토 ~ 10월 30일 일

2. 2022년 11월 01일 화 ~ 11월 06일 일

3. 2022년 12월 08일 목 ~ 12월 11일 일


감사합니다.

* 주차 : 사전에 예약한 장애인 본인이 탑승한 차량만 주차가 가능합니다.",http://ticketimage.interpark.com/Play/image/etc/22/22012724-01.jpg
아이뮤지엄 여수,아이뮤지엄 여수점,2022.01.20,2023.12.31,"12,000원",전체관람가,http://ticketimage.interpark.com/Play/image/large/22/22000534_p.gif,※아이뮤지엄 여수 월/화 휴관 ※※설 연휴(1월 21일 ~ 1월 24일) 정상 운영※,,"상세페이지에 기재되어 있는 특별할인 입장가는 현장에서만 매표가능합니다.

유효기간 ~ ~2023.12.31

［티켓사용 방법］
1. 티켓 구매 (구매 후 30분 경과부터 사용가능)
2. 수신한 문자 상단에 모바일바코드 URL 키오스크 스캔 후 발권
* 02-456-2014로 문자 발송되오니 해당 번호로 문자 미수신 유선연락 부탁드립니다.

［이용시간］
1.관람시간 :11:00 ~ 19:00 (입장마감 18:00)
2.매표 및 입장은 관람 종료 1시간 전에 마감됩니다.
3.매주 월,화 휴관

［미사용티켓취소환불규정］
1. 유효기간 내 취소접수 시, 100% 환불.
2. 유효기간 종료 후 환불불가.
3. 부분취소 불가.
4. 취소환불문의처 : 02-456-2014 로 문의 후 환불 진행
5. 취소환불규정 예외사항 적용불가 (개인사, 질병 등)

［연령 기준 안내］
36개월 미만 무료 (증빙서류 지참시)

［단체관람 안내］
20인 이상 단체관람은 현장에 전화로 문의해주시기 바랍니다.

［업체정보］
업체명 : 아이랩미디어
주소 : 전라남도 여수시 박람회길1(덕충동) 여수세계박람회 국제관 D블럭 3층
현장문의처 : 061-665-9808~9

［판매주관사］
* 업 체 명 : 넥스트스토리 주식회사
* 상품문의 : 02-456-2014
* 문의시간 : 월~일 10:00 ~ 17:00 (점심시간 12시~13시) / 추석,설날 당일 휴무","http://ticketimage.interpark.com/Play/image/etc/22/22000534-05.jpg, http://ticketimage.interpark.com/Play/image/etc/22/22000534-06.jpg"
안면도 오마이갤러리 20% 할인 입장권,오마이갤러리,2020.06.25,2023.12.31,"10,000원",전체관람가,http://ticketimage.interpark.com/Play/image/large/20/20004961_p.gif,연중무휴 하절기 (3월~9월) : 10시~7시 (6시까지 입장) 동절기 (10월~2월) : 10시~6시 (5시까지 입장),,"명화 감상의 새로운 패러다임 ＇오마이갤러리＇는 예술을 좀 더 재미있고 친근감있게 풀어보고자 하는 필요에서 생겨난 명화 테마 전시장입니다. 정서적 감성이 부족한 아이들에게 지루하고 따분한것을 느껴지는 ＂명화＂ 에서 흥미로운 면을 발견하고 예술을 자연스럽게 받아들일 수 있도록 할 것입니다. 또한 아이들의 교육뿐만 아니라 국내 수많은 명화 애호가들, 연인들, 가족단위의 관람객들에게도 만족을 드릴 만한 갤러리로 다가가고자 합니다.",
여주 쎈토이박물관 (피규어 디오라마 뮤지엄),쎈토이박물관,2021.03.08,2023.03.31,"6,000원",전체관람가,http://ticketimage.interpark.com/Play/image/large/21/21001539_p.gif,공연시간 정보 text 없음,http://ticketimage.interpark.com/Play/image/etc/21/21001539-02.jpg,"

Untitled Document

",http://ticketimage.interpark.com/Play/image/etc/21/21001539-02.jpg
여주곤충박물관 입장권＆체험,여주곤충박물관,2023.01.02,2023.03.31,"11,000원",전체관람가,http://ticketimage.interpark.com/Play/image/large/22/22017925_p.gif,공연시간 정보 text 없음,"http://ticketimage.interpark.com/Play/image/etc/22/22017925-01.jpg, http://ticketimage.interpark.com/Play/image/etc/22/22017925-02.jpg","

Untitled Document


","http://ticketimage.interpark.com/Play/image/etc/22/22017925-01.jpg, http://ticketimage.interpark.com/Play/image/etc/22/22017925-02.jpg"
인간의 고귀함을 지킨 화가 조르주 루오,전남도립미술관,2022.10.06,2023.01.29,"15,000원",전체관람가,http://ticketimage.interpark.com/Play/image/large/22/22012982_p.gif,"관람시간: 10:00~18:00(입장 마감 17:30분) 매월 마지막 주 수요일 21시까지 연장개관(입장:20시30분)휴관일: 매주 월요일(공휴일의 경우, 다음날 휴관)단, 10월10일, 1월 23일은 개관하며 다음날 평일 휴관",,"* 얼리버드 티켓 사용기간은 2022. 10. 30 까지이며, 사용기간이 끝난 이후 취소 및 환불은 불가능 합니다.* 도민할인 및 만 6세 이하의 어린이 관련 신분증 및 증명서 지참 시 적용* 롯데카드로 카드소지자 본인에 한 해 현장 구매시 20% 할인<관람료 면제 대상>1. 국빈·외교사절단 및 그 수행자2. 보호자를 동반한 만 6세 이하의 어린이   - 장애인복지법」에 제32조에 따라 등록된 장애인 및 그와 동행하는 보호자 1명3. 다음 각 목에 해당하는 사람   - 5·18민주유공자 예우에 관한 법률 시행령」제52조항제1항 각 호의 어느 하나에 해당하는 사람   - 고엽제후유의증 등 환자 지원 및 단체 설립에 관한 법률 시행령」제10조의3제1항 각 호의 어느 하나에 해당하는 사람   - 국가유공자 등 예우 및 지원에 관한 법률 시행령」제86조제1항 각 호의 어느 하나에 해당하는 사람   - 독립유공자예우에 관한 법률 시행령」제15조의 적용을 받는 사람   - 참전유공자예우 및 단체 설립에 관한 법률 시행령」제12조제1항에 따른 참전유공자   - 특수임무유공자 예우 및 단체설립에 관한 법률 시행령」제58조의 적용을 받는 사람4. 공무수행을 위하여 출입하는 사람5. 그 밖에 도지사가 관람료를 면제할 필요가 있다고 인정하는 사람",http://ticketimage.interpark.com/Play/image/etc/22/22012982-02.jpg
전남 영암곤충박물관 (기찬랜드),영암곤충박물관,2021.03.08,2023.03.31,"6,500원",전체관람가,http://ticketimage.interpark.com/Play/image/large/21/21001570_p.gif,공연시간 정보 text 없음,,"- 1인 이용권 6,500원
- 1인 이용권+금붕어잡기 9,000원
- 1인 이용권+목걸이만들기 10,000원
- 1인 이용권+애벌레키우기 12,000원
- 1인 이용권+표본케이스 15,000원 (표본금액은 현장 별도 금액)","http://ticketimage.interpark.com/Play/image/etc/21/21001570-10.jpg, http://ticketimage.interpark.com/Play/image/etc/21/21001570-11.jpg"
창경궁의 인문학산책(야간),창경궁,2019.01.04,2023.12.31,"19,900원",만 10세이상,http://ticketimage.interpark.com/Play/image/large/18/18018388_p.gif,"예매가능시간: 관람전일 18시까지 목,금,토,일,공휴일 오후 7시",,"

Untitled Document

",
창덕궁의 인문학산책,창덕궁 돈화문,2018.07.02,2023.12.31,"19,900원",만 10세이상,http://ticketimage.interpark.com/Play/image/large/18/18008385_p.gif,"예매가능시간: 관람전일 18시까지 목,금,토,일,공휴일 오전 10시",,"

Untitled Document



",
춘천 애니메이션박물관＆토이로봇관 (강원 춘천),춘천 애니메이션박물관,2021.04.01,2023.01.31,"7,000원",전체관람가,http://ticketimage.interpark.com/Play/image/large/21/21002426_p.gif,예매가능시간: 관람일 15시까지 ※ 매주 월요일 휴관,,"* 매주 월요일, 1월 1일, 명절 당일 휴관(월요일이 공휴일인 경우 다음날 휴관)
* 온라인 예매와 현장발권 모두 가능합니다.
1. 예매 후 입장 팔찌 발권은 애니메이션박물관에서만 가능합니다.
2. 토이로봇관은 평일에만 점시시간 (12시~오후1시) 에는 입장이 불가합니다.
- 10시 ~ 12시 (자율입장)
- 오후 1시 ~ 오후 5시 (자율입장)
* 애니메이션박물관은 평일/토요일/공휴일 동일하게 자율입장입니다
* 입장 시간 전에는 토이로봇관 로비에서 대기해주세요
* 운영사항은 내부 사정에 의해 변경될 수 있습니다.
3. 각 관 입장 마감은 5시입니다
4. 총 관람 소요시간은 약 1시간 30분 ~ 2시간으로 오후 4시까지는 입장해야 관람이 수월합니다.
5. 온라인 예매는 당일 3시까지 가능합니다(예매 후 1시간 후 사용 가능)
6. 무료/ 할인 대상자는 현장 발권만 가능하며, 신분증(증빙서류)를 반드시 지참해주시기 바랍니다.

[구매전 필수 확인]
* 관람료는 동일하나, 데이터 수집을 위해 대상 구분해서 예매 바랍니다.
* 현장발권 병행 중으로, 온라인 사전 예매 마감 된 경우 참고 바랍니다.
단, 적정 인원 초과 시 온라인 사전예매자 우선입장으로 관람에 제한 있을 수 있습니다.
* 20인 이상 단체는 사전에 연락 바랍니다
* 무료 대상자는 증빙자료 지참 후 현장(직원)확인을 통해 발권이 가능합니다.
- 무료대상 : 24개월 미만, 중증 장애인(1~3급) 및 동반 1인, 국가유공자

[티켓사용 방법]
1. 티켓 구매(※구매 1시간 이후부터 사용 가능)
2. 구매 후 60분이내에 02-456-2014 에서 발송하는 모바일 바코드 문자수령
3. 현장 방문 후, 데스크에 구매 바코드 또는 구매자 성함 / 핸드폰번호 뒤4자리 제시
※모바일 바코드를 수령하지 못한 고객분은 (02-456-2014 / 월~일 10:00 ~ 17:00 ) 로 연락부탁드립니다.

[이용안내]
- 영업시간 : 10:00 ~ 18:00 (주중/주말 공통)
- 매표/입장 마감 : 운영 마감 2시간 전
- 정기 휴관 : 매주 월요일 (월요일이 공휴일인 경우 다음날) 및 신정,설,추석 당일
* 정기 휴관일 및 운영시간은 박물관 사정에 따라 달라질 수 있습니다.

[연령 기준 안내]
- 무료입장(현장발권 / 증빙서류 제시) : 만 24개월 미만, 중증장애인(1~3급) 및 동반 1인, 자료 기증자(가족), 국가유공자(배우자)
- 할인대상 : 20인 이상 단체(사전 전화 문의)

[단체관람 안내]
- 20인 이상 단체관람은 현장에 전화로 문의해주시기 바랍니다.

[유의사항]
- 티켓은 구매 후 1시간 이후부터 사용 가능합니다.
- 본 상품은 애니메이션박물관과 토이로봇관의 통합입장권입니다.
- 티켓은 애니메이션박물관에서만 교환 가능합니다.?
- 애니메이션박물관은 자율관람이며, 도움이 필요한 경우 안내직원을 찾아주세요.
- 토이로봇관의 체험 일부는 충전시간을 필요로 하며, 충전 중에는 체험이 불가합니다.
- 전시물 및 체험 콘텐츠는 내부 사정에 따라 변경될 수 있음을 양지바랍니다.
- 음식물반입 및 안내견을 제외한 반려동물의 출입은 불가합니다.

［미사용티켓 취소환불규정］
* 이용일 당일 오후 4시까지 취소접수 시, 100% 환불
* 이용일 당일 오후 5시 이후 환불 불가
* 환불문의 : 인터파크 고객센터 1544-1555

［업체정보］
* 업체명 : 춘천애니메이션박물관
* 주소 : 강원도 춘천시 서면 박사로 854
* 주차 : 무료 주차
* 현장문의처 : 033-245-6470
* 상품문의 : 02-456-2014
* 문의시간 : 10:00~17:00 (점심시간 12시~13시)","http://ticketimage.interpark.com/Play/image/etc/21/21002426-06.jpg, http://ticketimage.interpark.com/Play/image/etc/21/21002426-07.jpg"
코버월드 화폐박물관 (경기도 포천),코버월드,2021.03.08,2023.02.28,"5,400원",전체관람가,http://ticketimage.interpark.com/Play/image/large/21/21001601_p.gif,공연시간 정보 text 없음,"http://ticketimage.interpark.com/Play/image/etc/21/21001601-10.jpg, http://ticketimage.interpark.com/Play/image/etc/21/21001601-11.jpg","

Untitled Document


","http://ticketimage.interpark.com/Play/image/etc/21/21001601-10.jpg, http://ticketimage.interpark.com/Play/image/etc/21/21001601-11.jpg"
포천 느린마을 산사원［전통주갤러리 야외정원 기념품증정］,포천 산사원,2021.03.01,2023.02.28,"4,000원",전체관람가,http://ticketimage.interpark.com/Play/image/large/21/21001270_p.gif,공연시간 정보 text 없음,,"

Untitled Document

",
피규어뮤지엄w 할인 티켓,피규어뮤지엄W,2021.04.27,2025.04.22,가격 정보 없음,전체관람가,http://ticketimage.interpark.com/Play/image/large/21/21003487_p.gif,"- 관람시간 : 오전 11시 ~ 오후7시  - 휴관일 : 매주 월요일(월요일이 공휴일인 경우 개관), 1월1일, 설날 및 추석 연휴 1,2일째",,"1. 쾌적한 관람을 위해 관람인원 및 체험인원이 제한될 수 있습니다.2. 어린이는 보호자와 함께 입장가능하고, 어린이의 안전을 위해 정숙한 관람을 방해할 경우 관람이 제한될 수 있습니다.3. 유모차와 휠체어는 일부 전시실에 입장이 어려울 수 있습니다.4. 외부 음식물 반입이 불가합니다.5. 뮤지엄 전체가 금연구역입니다.6. 피규어 보호를 위해 플래시/삼각대 등을 이용한 촬영과 상업적 용도를 위한 촬영은 금지됩니다. 7. QR발송은 영업시간은 영업시간 내일경우 60분 이내로 발송되며, 영업시간 외 주문시 익일 오전 중으로 처리해드립니다(영업시간 : 평일 9시~6시)8. 바우처 캡쳐 후 매표소에 제시할 수 있습니다. 단, QR을 반드시 보여주세요.［티켓발권］1. 구매 후 이메일/핸드폰으로 바우처가 발송됩니다.2. 90일 이내 원하는 일자에 자유롭게 방문해주세요. 3. 매표소에서 바우처 내(內) QR을 보여주셔야 입장가능합니다. ［환불규정］ 미사용시 100% 환불 가능합니다.환불은 사용 유무 확인 후 진행됩니다.",
헤이리 파주공룡박물관,헤이리 파주공룡박물관,2021.03.08,2023.03.31,"6,500원",전체관람가,http://ticketimage.interpark.com/Play/image/large/21/21001649_p.gif,-판매기간 : ~23.03.30 -유효기간 : ~23.03.31 * 매주 월요일 휴관  [별도휴무일] -1월 22일 설 당일 휴무 / 1월 25일 대체 휴무 -1월 23일 24일 정상 운영,,"* 코로나19 확산 방지를 위해 VR체험 어려운 점 양해부탁드립니다.
* 휴관 : 코로나19확산방지를 위해 박물관 탄력적 운영 방문 전 070-4139-3499 로 운영 여부 확인 후 방문 바랍니다.
* 구매 당일사용 절대 불가(이용예정일 하루 전 구매 필수)

［티켓사용 방법］
1. 티켓 구매 (별도 SMS 문자 미발송 상품)
2. 구매 다음날 부터 이용 가능
3. 구매자성함 및 휴대폰 번호 매표소에 제시 후 이용

［이용안내］
* 관람시간 : 오전 11시00분 ~ 오후 6시00분(화~일) / 입장마감 오후 5시)
* 휴관 : 코로나19확산방지를 위해 박물관 탄력적 운영 방문 전 070-4139-3499 로 운영 여부 확인 후 방문 바랍니다.
* 박물관 1층_다양한 체험과 재밌는 사진을 찍을수 있는 체험학습존, 포토존, VR체험관, 공룡관 등으로 구성
* 박물관 2층_실사에 가까운 공룡모형을 보실 수 있는 제1전시실(지구탐험관, 애니메트로닉스공룡), 제2전시실(화석관, 공룡미니어처 전시), 제3전시실(3D입체공룡관)로 구성 되어있습니다.

［유의사항］
* 티켓 훼손 시 재입장 불가. 외출 시 직원에게 꼭 문의해주세요.
* 현장에서 티켓 발권 후 부분환불 및 권종 변경 불가합니다.
* 중복 할인 불가
* 음식물은 반입 가능하나, 지정된 장소에서 취식해주세요.
* 다른 관람객을 위해 휴대폰은 진동모드로 해주세요.
* 박물관은 여러 사람들이 함께 유물을 감상하는 공공장소이므로 조용하고 정숙하게 관람해 주십시오.
* 어린이를 동반한 경우 어린이들이 전시장 내에서 뛰어다니거나 큰소리를 치거나, 작품을 만지는 일이 없도록
　올바른 관람예절을 지도하여 주시기 바랍니다.
* 휴대전화는 전원을 꺼주시거나 진동으로 전환하여 주십시오.
* 어린이만은 입장 불가하며, 안전사고 예방을 위해 보호자가 1인이상 동행하셔야 합니다.
* 고객부주의로 발생되는 안전사고에 대해서는 당사가 책임을 지지 않습니다.
* 전시물에 손을 대거나 손상을 입힐 수 있는 행위는 절대 삼가 주십시오.
* 플래시/삼각대 등을 이용한 촬영과 상업적 용도를 위한 촬영은 금지되어 있습니다.
* 자전거, 휠리스 운동화나 인라인 등을 착용하고 입장할 수 없습니다.
* 음식물 반입과 애완동물의 출입은 금지되어 있습니다.
* 입장권은 1인 1회만 사용할 수 있고 분실, 훼손 시 책임지지 않습니다.

［미 사용 티켓 취소 및 환불 규정］
* 미사용 티켓 유효기간 내 취소 접수 시 100% 환불
* 유효기간 종료 후 취소 환불 불가
* 취소 및 환불 문의처 : 인터파크 고객센터 1544-1555

［업체정보］
업체명 : 파주 공룡박물관
주 소 : 경기 파주시 탄현면 헤이리마을길 93-83 (법흥리)
현장문의처 : 070-4139-3499
홈페이지 주소 : http://www.vrdino.kr
온라인 티켓 문의 : 넥스트스토리주식회사 02-456-2014",
Flower in winter,네이처랩스,2022.07.19,2023.02.28,"18,000원",전체관람가,http://ticketimage.interpark.com/Play/image/large/22/22008956_p.gif,* 전시일정 : 오픈런 (상시운영) * 운영시간 : 11:00~21:00 (연중무휴)  * 입장마감 : 20:00,,"* QR발송 대기시간 30분 ~ 최대 3시간 소요 ** 구매 후 1시간 이내 QR코드 발송2. QR코드 수신 후 현장방문 3. QR코드 리더기에 스캔 후 입장* 리더기 스캔 후 자동문 오픈 ※ 구매 후 문자 발송까지는 최대 1시간이 소요될 수 있으니 사전에 미리 구매하시어 방문해주시기 바랍니다.※ QR코드 발송관련 문의전화: 1522-0197［전시회 안내］* 전시장 주소 : 서울시 마포구 양화로 188 AK＆ 4층 * 운영시간 : 11:00~21:00 (연중무휴)- AFTER6 상품은 18시부터 입장 가능* 입장마감 : 20:00* 문의: 02-323-2055 * 홈페이지 : http://naturelabs.co.kr/［이용안내］* 본 전시는 전체 연령이 관람 가능합니다. * 36개월 이하 영유아 증빙서류 지참 시 무료 입장입니다.* 사진 촬영은 가능하나 다른 관람객의 관람을 위해 플래시 사용은 금합니다. 또한, 상업적 촬영은 진행 할 수 없습니다.* 관람객 부주의로 상해를 당했을 시, 전시 측에서는 이에 대해 책임지지 않습니다. 또한, 관람객 부주의로 전시물 파손이 발생한 경우 관람객이 배상하셔야 합니다.* 전시장 내 음식물을 반입할 수 없습니다.* 안내견 이외 애완동물 출입을 삼가 해주시기 바랍니다. * 전시장 내 모든 공간에서는 금연입니다.［취소/환불규정］유효기간 내 100% 환불가능유효기간 후 환불불가사용한 티켓은 환불 불가능합니다.［시설사 정보］업체: 네이처랩스문의전화: 02-323-2055문의시간 : 10:00~19:00［판매자 정보］업 체 명 : 큐패스코리아 주식회사티켓문의 : 1522-0197문의시간 : 평일 09:30~18:00점심시간 : 평일 11:30~13:00(토/일요일 및 공휴일 휴무)",
Time After Time,경주 코오롱호텔,2022.11.01,2023.09.30,"15,000원",전체관람가,http://ticketimage.interpark.com/Play/image/large/22/22013626_p.gif,[관람시간]- 매일 오전 8시 ~ 오후 10시 (입장 마감 오후 9시),http://ticketimage.interpark.com/Play/image/etc/22/22013626-05.jpg,"

臾댁젣 臾몄꽌

",http://ticketimage.interpark.com/Play/image/etc/22/22013626-05.jpg
